user_id,created_at,hashtags,retweet_count,favorite_count,user_name,user_friends_count,user_followers_count,user_location,user_tweet_count,place,geo,happiness_index,tweets,,,,,,,,,,,,,,,
22545453,2017/11/16 4:48,[u'resilience'],1,0,RAND Corporation,1206,144589,"Santa Monica, California",35247,None,None,0,"Adopting a systems approach will help communities build #resilience, says RAND's @MelissaFinucane. https://t.co/oGBm6pboCt",,,,,,,,,,,,,,,
3864687866,2017/11/16 4:08,[],0,0,Camila,909,539,"Los Angeles, CA",35393,None,None,-2,"@realDonaldTrump Since you didn't do anything for PR, they are coming to Florida! https://t.co/BYQJ3Qr3JD Florida w‚Ä?https://t.co/SNn9HpQiVS",,,,,,,,,,,,,,,
43360071,2017/11/16 4:04,[],0,0,Meet Your Mood LA,40,17,"Los Angeles, CA",136,None,None,0,Hamilton last night w special appearance with Lin-Manuel Miranda supporting HIV and hurricane relief for Puerto Ric‚Ä?https://t.co/SK6UiriePQ,,,,,,,,,,,,,,,
541954282,2017/11/16 3:56,[],0,0,Gabo.,222,404,"Los Angeles, CA",6210,None,None,-2,Make this go viral. This is unbelievable. Lloro pu√±eta! üáµüá∑ https://t.co/TDtycNldOP,,,,,,,,,,,,,,,
266434436,2017/11/16 3:49,[],0,0,Bruce C. Smythe,76,27,"Los Angeles, CA",18,None,None,-2,@tonyiommi Tony would you do it one more time before you go for the hurricane victims Dec 16th Hard Rock Stadium Em‚Ä?https://t.co/oGXSb3GqCB,,,,,,,,,,,,,,,
8.45E+17,2017/11/16 3:12,[],0,0,CovfefeBaldwin,119,23,"West Hollywood, CA",816,None,None,-2,@JoeNBC please for the love of humanity stop making music!! Your music caused hurricane Harvey and Harvey Weinstein‚Ä?https://t.co/MzR6DE4eU1,,,,,,,,,,,,,,,
71393968,2017/11/16 2:58,[],0,0,The Rescue Train,414,1731,Toluca Lake,3319,None,None,0,Hurricane Harvey survivor Moo - Longest resident: https://t.co/je9qJVdXtL via @YouTube,,,,,,,,,,,,,,,
12804312,2017/11/16 1:30,[],0,2,89.3 KPCC,2203,115136,"Los Angeles, California",95423,None,None,0,"A new NASA visualization shows the hurricanes from 2017 season from a new perspective ‚Ä?that is, their impact on pa‚Ä?https://t.co/oEDAEwc2yT",,,,,,,,,,,,,,,
112283650,2017/11/16 1:20,[],0,0,#BehindBars,5135,5697,"Los Angeles, CA",11046,None,None,0,"Tomorrow morning @10am-2pm
Catch me at Moorpark College.
I'm performing at the 
Hurricane Survivors Fundraiser... https://t.co/TGcJGpDPWE",,,,,,,,,,,,,,,
17134772,2017/11/16 1:10,[],0,0,multifacets,868,310,"San Fernando Valley, CA",67065,None,None,-2,URGENT! We desperately need people and 501(c)3 cat rescues to take Hurricane Harvey Kittens by 8pm today so they... https://t.co/nbk6F4JH0Z,,,,,,,,,,,,,,,
17134772,2017/11/16 1:10,[],0,0,multifacets,868,310,"San Fernando Valley, CA",67065,None,None,-2,URGENT! We desperately need people and 501(c)3 cat rescues to take Hurricane Harvey Kittens by 8pm today so they... https://t.co/gYH3Fm1iVm,,,,,,,,,,,,,,,
307022914,2017/11/16 0:59,[],0,0,kelebo,255,1010,"Hawthorne, CA ",40206,None,None,-2,@xiaoku just to get torn apart by every hurricane at once lmao fuck that,,,,,,,,,,,,,,,
546277891,2017/11/16 0:22,[],0,0,Karla Silva,3377,494,"Santa Monica, CA",62572,None,None,-2,"Hurricane Damage To Manufacturers In Puerto Rico Affects Mainland Hospitals, Too https://t.co/wf46esQWEt",,,,,,,,,,,,,,,
22179835,2017/11/16 0:06,"[u'Clearwater', u'Irma']",0,1,Scientology,73,93906,Los Angeles,118617,None,None,0,".@ScientologyVM's &amp; the Los Topos crew in #Clearwater neighborhoods, clearing away trees that collapsed after #Irma‚Ä?https://t.co/7sQCaJGrAF",,,,,,,,,,,,,,,
801633056,2017/11/15 23:48,[],0,0,Gail Kristin Upp,99,365,"Los Angeles, California",23530,None,None,-1,@russellcrowe I remember the beauty. I also remember standing on the corner of 58th and 8th with an apparent hurric‚Ä?https://t.co/xISkfhirCq,,,,,,,,,,,,,,,
2967808004,2017/11/15 23:21,[],0,0,Brody,35,46,los angeles,39990,None,None,0,"New story on NPR: WATCH: The Hurricane Season, As Shown By Salt, Smoke And Dust https://t.co/IfJne4NMZJ",,,,,,,,,,,,,,,
12707222,2017/11/15 23:20,[],0,0,Annelize Bester,1686,1319,"Los Angeles, CA, U.S.A.",114986,None,None,0,"NPR: WATCH: The Hurricane Season, As Shown By Salt, Smoke And Dust https://t.co/50vEvxnujq",,,,,,,,,,,,,,,
8.51E+17,2017/11/15 23:12,[],0,0,CA Process Service,4995,675,"Los Angeles, CA",65918,None,None,0,"After Hurricane Maria, mainland schools get influx of Puerto Rican students https://t.co/WAFic7Joym https://t.co/WLXhqdjiBA",,,,,,,,,,,,,,,
2214689930,2017/11/15 22:20,[],0,0,The Patriot,185,604,Los Angeles,13281,None,None,-1,Puerto Rico Hurricane Affecting US Hospitals in a Big Way https://t.co/IZtYIrOIiN,,,,,,,,,,,,,,,
609484227,2017/11/15 22:19,"[u'FightOn', u'USC']",0,0,Fight On Trojans!,1148,1986,"Los Angeles, CA",31386,None,None,0,"#FightOn #USC https://t.co/pIEt2Zovej After Hurricane Maria, mainland schools get influx of Puerto Rican students",,,,,,,,,,,,,,,
8.15E+17,2017/11/15 22:01,[],0,0,Candice Kim,624,387,"Los Angeles, CA",1814,None,None,0,New @chemsafetyboard video unpacking what happened at the Arkema plant during Hurricane Harvey. https://t.co/htLGHaJ4zE,,,,,,,,,,,,,,,
2652287388,2017/11/15 21:40,[],0,0,Belle Isle,577,436,"Los Angeles, CA",12390,None,None,0,"@Nicole_D_Rams Ah, Hurricane Hattie. Stories about my great uncle having to carry my mom &amp; aunt on his shoulders (b‚Ä?https://t.co/tFr7JiXYer",,,,,,,,,,,,,,,
4627342095,2017/11/15 21:30,[],0,0,Zesty Car News,1586,4310,"Los Angeles, CA",41282,None,None,0,The Jalopnik Car Show For Hurricane Relief Is Back Sunday Nov. 26 And You Should Be There https://t.co/LDMG4VPqC0 https://t.co/J8SqZYd3Gg,,,,,,,,,,,,,,,
112283650,2017/11/15 21:12,[],0,0,#BehindBars,5135,5697,"Los Angeles, CA",11046,None,None,2,"Showtime! 
Tomorrow 10am-2pm 
Catch me performing at Moorpark College 
Hurricane survivor FundRaiser concert.... https://t.co/1XEzUlwqT9",,,,,,,,,,,,,,,
112283650,2017/11/15 21:12,[],2,2,#BehindBars,5135,5697,"Los Angeles, CA",11046,None,None,2,"Showtime! 
Tomorrow 10am-2pm 
Catch me performing at Moorpark College 
Hurricane survivor FundRaiser concert. Along‚Ä?https://t.co/sX8Gkl8rgV",,,,,,,,,,,,,,,
336818917,2017/11/15 20:37,[],0,0,Casey Coates Danson,366,419,Los Angeles,54068,None,None,-2,"Exploiting tragedy, heartless Republicans seek to privatize Puerto Rico after Hurricane Maria https://t.co/li87Eso85X",,,,,,,,,,,,,,,
336818917,2017/11/15 20:37,[],0,0,Casey Coates Danson,366,419,Los Angeles,54068,None,None,-2,"Exploiting tragedy, heartless Republicans seek to privatize Puerto Rico after Hurricane Maria https://t.co/xdSaxOgNmv",,,,,,,,,,,,,,,
71393968,2017/11/15 20:16,[],2,2,The Rescue Train,414,1731,Toluca Lake,3319,None,None,0,We desperately need people &amp; 501(c)3 cat rescues to take Hurricane Harvey Kittens by 8pm today. We are airlifting a‚Ä?https://t.co/k0vinbIzpO,,,,,,,,,,,,,,,
8.58E+17,2017/11/15 20:12,"[u'HurricaneHarvey', u'MattressMack']",4,6,Breaking News,6175,53143,"Los Angeles, CA",50856,"Place(_api=<tweepy.api.API object at 0x10cdbb3d0>, country_code=u'US', url=u'https://api.twitter.com/1.1/geo/id/3b77caf94bfc81fe.json', country=u'United States', place_type=u'city', bounding_box=BoundingBox(_api=<tweepy.api.API object at 0x10cdbb3d0>, type=u'Polygon', coordinates=[[[-118.668404, 33.704538], [-118.155409, 33.704538], [-118.155409, 34.337041], [-118.668404, 34.337041]]]), contained_within=[], full_name=u'Los Angeles, CA', attributes={}, id=u'3b77caf94bfc81fe', name=u'Los Angeles')",None,2,#HurricaneHarvey hero '#MattressMack' hosting Thanksgiving feast for ‚Äòeverybody' https://t.co/EWqAETOxo6 @newnewspage,,,,,,,,,,,,,,,
12707222,2017/11/15 19:51,[],0,0,Annelize Bester,1686,1319,"Los Angeles, CA, U.S.A.",114986,None,None,2,FoxNews: Hurricane Harvey hero 'Mattress Mack' hosting Thanksgiving feast for ‚Äòeverybody' https://t.co/qLZpVrC9iU,,,,,,,,,,,,,,,
22545453,2017/11/15 19:50,[],3,4,RAND Corporation,1206,144589,"Santa Monica, California",35247,None,None,0,Here's how communities affected by recent hurricanes can invest in resilience as they rebuild: https://t.co/ZEtgVU9nG9 via @MelissaFinucane,,,,,,,,,,,,,,,
71393968,2017/11/15 19:18,[],0,0,The Rescue Train,414,1731,Toluca Lake,3319,None,None,1,Hurricane Harvey survivor kittens: https://t.co/shD7mqbBh7 via @YouTube,,,,,,,,,,,,,,,
71393968,2017/11/15 19:17,[],0,0,The Rescue Train,414,1731,Toluca Lake,3319,None,None,1,Hurricane Harvey survivor Tina (Heart worm +): https://t.co/LOPMtXDYib via @YouTube,,,,,,,,,,,,,,,
71393968,2017/11/15 19:16,[],0,0,The Rescue Train,414,1731,Toluca Lake,3319,None,None,1,Hurricane Harvey survivor Nyla (video 2): https://t.co/95vJLASqYo via @YouTube,,,,,,,,,,,,,,,
71393968,2017/11/15 19:13,[],0,0,The Rescue Train,414,1731,Toluca Lake,3319,None,None,1,Hurricane Harvey survivor Philip (2nd Video): https://t.co/72OERPh9zm via @YouTube,,,,,,,,,,,,,,,
31176183,2017/11/15 19:13,"[u'fema', u'PuertoRico', u'America', u'Americans']",0,1,Wayne Ford,1989,450,"Los Angeles, CA",1563,None,None,-2,Shameful. #fema #PuertoRico #America #Americans https://t.co/6CglWM9hZt,,,,,,,,,,,,,,,
71393968,2017/11/15 19:05,[],0,0,The Rescue Train,414,1731,Toluca Lake,3319,None,None,1,Hurricane Harvey survivor Cookie (heart worm +): https://t.co/u49licFsvI via @YouTube,,,,,,,,,,,,,,,
71393968,2017/11/15 19:01,[],0,0,The Rescue Train,414,1731,Toluca Lake,3319,None,None,1,Hurricane Harvey survivor Maggie: https://t.co/Bmdk9aSi9H via @YouTube,,,,,,,,,,,,,,,
20623704,2017/11/15 18:32,[],0,0,Scott A. Hill,466,204,"Los Angeles, CA",1295,None,None,0,UCC groups coming together in Philly to help hurricane evacuees from Puerto Rico https://t.co/Mx3vWxfxk9 via @unitedchurch,,,,,,,,,,,,,,,
17920055,2017/11/15 18:26,[],0,0,HWDRepublican,5478,6222,"Hollywood, CA USA",595402,None,None,-1,THR: Agency: Texas chemical plant unprepared for Hurricane Harvey https://t.co/wITTmxDqiy (FOX),,,,,,,,,,,,,,,
339206441,2017/11/15 18:05,[u'FightFor15'],1,2,Fight for $15 LA,4079,11639,"Los Angeles, California",28763,None,None,-2,The devastation isn't over: Hurricane Harvey cleanup workers aren't getting paid https://t.co/kjgnDqFUGJ #FightFor15 https://t.co/YIynFIz6cE,,,,,,,,,,,,,,,
32510701,2017/11/15 17:28,[],0,0,Lisa Ramos-Oakley,66,12,"Los Angeles, CA",271,None,None,-1,"Hurricane Damage To Manufacturers In Puerto Rico Affects Mainland Hospitals, Too https://t.co/SnOa3lceD2",,,,,,,,,,,,,,,
17920055,2017/11/15 16:59,[],0,0,HWDRepublican,5478,6222,"Hollywood, CA USA",595402,None,None,-1,THR: Puerto Rico suffers major power outage 56 days after Hurricane Maria https://t.co/AxaNNp6k1J (WE),,,,,,,,,,,,,,,
33710985,2017/11/15 16:50,[u'ResinReport'],0,0,PlasticsToday,3397,16324,"Santa Monica, CA",12524,None,None,1,Weekly #ResinReport: Polyethylene supplies improve as Hurricane Harvey‚Äìrelated premiums erode‚Ä?https://t.co/qVwWRTLKf2,,,,,,,,,,,,,,,
8.04E+17,2017/11/15 16:13,[u'PuertoRico'],2,0,Vet Action Network,1015,3005,"Santa Monica, CA",6011,None,None,-1,"Hurricane Damage To Manufacturers In #PuertoRico Affects Mainland Hospitals, Too https://t.co/NDfTV2lWOj",,,,,,,,,,,,,,,
2414883655,2017/11/15 16:10,"[u'hurricanes', u'FannieMae', u'losangel']",0,0,RaviMadhwani,766,1104,"West Hills, CALIFORNIA",135524,None,None,1,Help is available for homeowners impacted by the recent #hurricanes. https://t.co/cqCht3fJKg https://t.co/QyRjVhirH7 #FannieMae #losangel‚Ä?,,,,,,,,,,,,,,,
212715586,2017/11/15 15:00,[],0,0,Dennis Clark,122,2132,LA,30757,None,None,0,"Now You Can Give the Kids In Your Life Books This Christmas and Help Hurricane Victims, Too https://t.co/z4t2CDivn0 via @WomansDay",,,,,,,,,,,,,,,
34949924,2017/11/15 14:57,[],1,0,Lisa Melchior,285,206,Los Angeles,1722,None,None,-2,"After Hurricane, Signs of a Mental Health Crisis Haunt Puerto Rico via @nytimes https://t.co/zSQjnehMHa",,,,,,,,,,,,,,,
14323300,2017/11/15 14:45,[],1,4,Lindsay S Nixon,123,41573,"Los Angeles, CA",69837,None,None,1,wonderful! Be Santa! Give the gift of helping others meet their needs - USVI hurricane relief  https://t.co/J5WsWmljlo,,,,,,,,,,,,,,,
24229787,2017/11/15 14:45,[],4,1,Green Energy News,5325,107392,"Los Angeles, CA",58986,None,None,-1,Texas Officials Spar Over Hurricane Evacuation Order That Never Happened https://t.co/pv9a25gtOZ https://t.co/lWOHQL7ACC,,,,,,,,,,,,,,,
29221913,2017/11/15 14:33,[],0,1,Viewpoint School,107,753,"Calabasas, CA",3852,None,None,-2,"St. Paul‚Äôs Catholic School in Jacksonville Beach, Florida, was devastated by Hurricane Irma.‚Ä?https://t.co/RD0LggvSNW",,,,,,,,,,,,,,,
3133670934,2017/11/15 14:06,[],0,0,Seattle Pro's Top Champ,429,565,"Malibu, CA",6615,None,None,1,@w_terrence @EMFres1 Or JJ. Watt that raised 37 million dollars for Hurricane victims. Just a thought,,,,,,,,,,,,,,,
229576116,2017/11/15 13:01,[],0,0,Grant W. Graves,2203,1746,"Santa Monica, CA",63285,None,None,0,"Global Warming Really Did Make Hurricane Harvey More Likely, a New Study Finds - The Atlantic https://t.co/qMV8ROm5Se",,,,,,,,,,,,,,,
207904545,2017/11/15 10:45,"[u'USCG', u'HiTechCJ']",0,0,Virtual Paparazzi,15283,15163,"Hollywood, California",209029,None,None,0,"Cutter Venturous returns home after conducting hurricane relief, law enforcement operations #USCG #HiTechCJ https://t.co/UkSFi1AbpP",,,,,,,,,,,,,,,
276089910,2017/11/15 10:45,"[u'USCG', u'HiTechCJ']",0,0,Angel City Buzz,2955,3375,"Los Angeles, California",16227,None,None,0,"Cutter Venturous returns home after conducting hurricane relief, law enforcement operations #USCG #HiTechCJ https://t.co/MAAN9aKn9Z",,,,,,,,,,,,,,,
12707222,2017/11/15 10:21,[],0,0,Annelize Bester,1686,1319,"Los Angeles, CA, U.S.A.",114986,None,None,-2,"NPR: RT NPRHealth: Hurricane Damage To Manufacturers In Puerto Rico Affects Mainland Hospitals, Too https://t.co/xje8HtMPgI",,,,,,,,,,,,,,,
2967808004,2017/11/15 10:16,[],0,0,Brody,35,46,los angeles,39990,None,None,-2,"New story on NPR: Hurricane Damage To Manufacturers In Puerto Rico Affects Mainland Hospitals, Too https://t.co/2avHwv5Y6v",,,,,,,,,,,,,,,
213137804,2017/11/15 10:15,[u'healthcare'],0,0,"MDtree, Inc.",192,92,Los Angeles,5451,None,None,-2,"Hurricane Damage To Manufacturers In Puerto Rico Affects Mainland Hospitals, Too https://t.co/AKbYiA63sE #healthcare",,,,,,,,,,,,,,,
1461347948,2017/11/15 9:00,[],0,1,Kerry Whore Key,422,214,Los Angeles,6045,None,None,-2,"@ClassicMovieHub He physically abused her, drove her to drink, and drained her bank account. Wasn't a successfully‚Ä?https://t.co/nadZ76F4Jn",,,,,,,,,,,,,,,
24229787,2017/11/15 8:47,[],3,3,Green Energy News,5325,107392,"Los Angeles, CA",58986,None,None,0,Hurricane Harvey Is A Climate-Change Storm https://t.co/bk2UjReGfl https://t.co/UIGpTBoKNE,,,,,,,,,,,,,,,
8.30E+17,2017/11/15 6:16,[],1,1,TV and Radio Pro,1329,397,"Los Angeles, CA",3216,None,None,0,Cumulus Employee Starts Fundraiser for Puerto Rico Hurricane Victims https://t.co/K76JDjsnQT,,,,,,,,,,,,,,,
2519580234,2017/11/15 5:24,[],0,0,Climate Change 911,4406,4868,"Los Angeles, CA",6267,None,None,-2,Don't be complacent: climate change will ravage rich and poor alike... https://t.co/lTTsk6ADaK,,,,,,,,,,,,,,,
7.37E+17,2017/11/15 5:20,[],0,1,Sassy Pants,153,290,"Los Angeles, CA",24966,None,None,1,@liberalgoddess @JYSexton Much better than the response to Hurricane Maria though.,,,,,,,,,,,,,,,
3164694138,2017/11/15 4:52,[],0,0,Keen Report,951,13446,"Los Angeles, CA",5245,None,None,-1,@SenSanders Because the democratically controlled island has been improperly managed funds for decades and the elec‚Ä?https://t.co/xkFYC44bFs,,,,,,,,,,,,,,,
22179835,2017/11/15 4:12,"[u'Clearwater', u'Irma']",0,0,Scientology,73,93906,Los Angeles,118617,None,None,-1,".ScientologyVM's clear away tree branches and debris in front of #Clearwater City Hall, in the wake of #Irma. https://t.co/5c7e9Aqww4",,,,,,,,,,,,,,,
34095675,2017/11/15 4:10,[],0,0,Skyler Madison Ph.D.,937,1303,"Los Angeles, CA",688,None,None,0,How Climate Change Fueled Hurricane Harvey https://t.co/3JK6GOtx2P https://t.co/8hsVxhFTuF,,,,,,,,,,,,,,,
20105978,2017/11/15 4:09,[],0,2,Shah Selbe,1991,5672,"Los Angeles, CA",23489,None,None,1,Great use case for @gotenna mesh networks in helping to connect Puerto Ricans post-hurricane  https://t.co/4AVbLEXTRn,,,,,,,,,,,,,,,
4786292665,2017/11/15 4:06,[],0,0,Gasper,895,635,"Los Angeles, CA",1938,None,None,-1,Sorry I cleared your smokescreen of trivial innuendo meant to cover the true issues with my hurricane force winds c‚Ä?https://t.co/qMc6bBZz5C,,,,,,,,,,,,,,,
22545453,2017/11/15 3:56,[u'resilience'],2,2,RAND Corporation,1206,144589,"Santa Monica, California",35247,None,None,0,".@MelissaFinucane: For communities affected by hurricanes this year, investing in #resilience will be key. https://t.co/yFlk1sYRrj",,,,,,,,,,,,,,,
71393968,2017/11/15 3:31,[],0,0,The Rescue Train,414,1731,Toluca Lake,3319,None,None,1,Hurricane Harvey survivor Adriana: https://t.co/dbCmcuJTab via @YouTube,,,,,,,,,,,,,,,
71393968,2017/11/15 3:30,[],0,0,The Rescue Train,414,1731,Toluca Lake,3319,None,None,1,Hurricane Harvey survivor Ollie: https://t.co/ns1KHo88pt via @YouTube,,,,,,,,,,,,,,,
71393968,2017/11/15 3:29,[],0,0,The Rescue Train,414,1731,Toluca Lake,3319,None,None,1,Hurricane Harvey survivor Eleanor: https://t.co/EOdSQhZtEq via @YouTube,,,,,,,,,,,,,,,
71393968,2017/11/15 3:28,[],0,1,The Rescue Train,414,1731,Toluca Lake,3319,None,None,1,Hurricane Harvey survivor Patch: https://t.co/iYmbHapr32 via @YouTube,,,,,,,,,,,,,,,
15960033,2017/11/15 3:23,[],0,0,clover & sealife,670,3008,"Los Angeles, CA",139264,None,None,0,@animemoms Blaze is the biggest mystery to me on earth. Frost is literally just repackaged Blue Hurricane and no on‚Ä?https://t.co/RAU7E9JiiU,,,,,,,,,,,,,,,
71393968,2017/11/15 3:22,[],0,0,The Rescue Train,414,1731,Toluca Lake,3319,None,None,1,Hurricane Harvey survivor Lolly - Female: https://t.co/ul3HeNhh4T via @YouTube,,,,,,,,,,,,,,,
4482244704,2017/11/15 3:22,[],1,1,trendpay,17,37,"Los Angeles, CA",259,None,None,0,DONATING ONE ITEM OF APPAREL FOR EVERY ITEM PURCHASED. DONATIONS WILL BE MADE TO SUPPORT EFFORTS TO PUERTO RICO REC‚Ä?https://t.co/uXPnws4b9M,,,,,,,,,,,,,,,
71393968,2017/11/15 3:20,[],0,0,The Rescue Train,414,1731,Toluca Lake,3319,None,None,1,Hurricane Harvey survivor Piglet - Female: https://t.co/aJzQ4esbDm via @YouTube,,,,,,,,,,,,,,,
71393968,2017/11/15 3:18,[],0,0,The Rescue Train,414,1731,Toluca Lake,3319,None,None,1,Hurricane Harvey survivor Bonita - male: https://t.co/f3xvVEuKlm via @YouTube,,,,,,,,,,,,,,,
300646874,2017/11/15 3:10,[u'GoogleAlerts'],0,0,baxter,1756,791,Los Angeles,9300,None,None,1,Close to Home Service Dog Is So Happy His Dad's Home After Helping Hurricane Victims This - https://t.co/426zoBGPEn #GoogleAlerts,,,,,,,,,,,,,,,
71393968,2017/11/15 3:08,[],0,1,The Rescue Train,414,1731,Toluca Lake,3319,None,None,1,Hurricane Harvey survivor Maggie: https://t.co/USBjOJ1ueT via @YouTube,,,,,,,,,,,,,,,
71393968,2017/11/15 3:07,[],0,0,The Rescue Train,414,1731,Toluca Lake,3319,None,None,1,Hurricane Harvey dog Sally: https://t.co/755xjKJKlY via @YouTube,,,,,,,,,,,,,,,
71393968,2017/11/15 3:05,[],1,2,The Rescue Train,414,1731,Toluca Lake,3319,None,None,1,Hurricane Harvey survivor King: https://t.co/mKA6mabCaB via @YouTube,,,,,,,,,,,,,,,
71393968,2017/11/15 3:03,[],0,1,The Rescue Train,414,1731,Toluca Lake,3319,None,None,1,Hurricane Harvey survivor Lawson: https://t.co/tBkuTz6jnO via @YouTube,,,,,,,,,,,,,,,
19135516,2017/11/15 2:56,[],5,29,Quinn Cummings,2532,21586,Los Angeles,75166,None,None,-1,I CAN do something right now! You denied housing to your brothers and sisters after the hurricane until shamed into‚Ä?https://t.co/Qg8QB9rcc8,,,,,,,,,,,,,,,
71393968,2017/11/15 2:56,[],0,0,The Rescue Train,414,1731,Toluca Lake,3319,None,None,1,Hurricane Harvey survivor Nyla: https://t.co/3WuSkC3Gjc via @YouTube,,,,,,,,,,,,,,,
71393968,2017/11/15 2:54,[],0,0,The Rescue Train,414,1731,Toluca Lake,3319,None,None,1,Hurricane Harvey survivor Dolly: https://t.co/nrESbJoQud via @YouTube,,,,,,,,,,,,,,,
19135516,2017/11/15 2:54,[],3,38,Quinn Cummings,2532,21586,Los Angeles,75166,None,None,-1,"Here are some words, False Profit; you lied about being able to house hurricane-affected Houstonians until you were‚Ä?https://t.co/UORsZuaelM",,,,,,,,,,,,,,,
71393968,2017/11/15 2:53,[],0,0,The Rescue Train,414,1731,Toluca Lake,3319,None,None,1,Hurricane Harvey survivor Cora: https://t.co/wZchYK5CpH via @YouTube,,,,,,,,,,,,,,,
19135516,2017/11/15 2:53,[],9,48,Quinn Cummings,2532,21586,Los Angeles,75166,None,None,-1,What's even better than caring? Not acting as if your megachurch is flooded after a hurricane so you don't have to‚Ä?https://t.co/6ZgNXUIXSa,,,,,,,,,,,,,,,
71393968,2017/11/15 2:52,[],0,0,The Rescue Train,414,1731,Toluca Lake,3319,None,None,1,Hurricane Harvey survivor Daisy: https://t.co/enyajemzFm via @YouTube,,,,,,,,,,,,,,,
71393968,2017/11/15 2:51,[],0,0,The Rescue Train,414,1731,Toluca Lake,3319,None,None,1,Hurricane Harvey survivor Martin: https://t.co/CbT3VYy8k1 via @YouTube,,,,,,,,,,,,,,,
71393968,2017/11/15 2:49,[],0,0,The Rescue Train,414,1731,Toluca Lake,3319,None,None,1,Hurricane Harvey Survivor Buddy: https://t.co/YIBDLO5kkF via @YouTube,,,,,,,,,,,,,,,
71393968,2017/11/15 2:45,[],0,0,The Rescue Train,414,1731,Toluca Lake,3319,None,None,0,The Rescue Train in Houston helping Hurricane Harvey Dogs: https://t.co/xEPOvYvhtf via @YouTube,,,,,,,,,,,,,,,
43204555,2017/11/15 2:36,[],0,0,Kahil Nettleton,117,52,"Sherman Oaks, CA",6053,None,None,-1,@pitbullracing32 @GQMagazine So...  About that million dollars Trump said he'd personally donate to help hurricane victims....,,,,,,,,,,,,,,,
2235157230,2017/11/15 2:34,[],0,0,Cynthia,820,609,"Marina del Rey, CA",36267,None,None,0,"@AymanM @JackieSpeier I want ALL of us &amp; PR to see bids and have say in companies doing hurricane repairs.
I want a‚Ä?https://t.co/AhvdB1curX",,,,,,,,,,,,,,,
7.06E+17,2017/11/15 2:02,[],0,4,Anna Hill,297,207,"Los Angeles, CA",550,"Place(_api=<tweepy.api.API object at 0x10cdbb3d0>, country_code=u'US', url=u'https://api.twitter.com/1.1/geo/id/3b77caf94bfc81fe.json', country=u'United States', place_type=u'city', bounding_box=BoundingBox(_api=<tweepy.api.API object at 0x10cdbb3d0>, type=u'Polygon', coordinates=[[[-118.668404, 33.704538], [-118.155409, 33.704538], [-118.155409, 34.337041], [-118.668404, 34.337041]]]), contained_within=[], full_name=u'Los Angeles, CA', attributes={}, id=u'3b77caf94bfc81fe', name=u'Los Angeles')",None,0,mary and i did this zine for hurricane relief take a look if you can üê∂üê∂üê∂üê∂ https://t.co/Qjdoh8z3xD,,,,,,,,,,,,,,,
2829461701,2017/11/15 1:58,[],0,0,General Physics Lab,74,148,Los Angeles,57224,None,None,0,"Cellphone data reveals Hurricane Maria's impact on travel in Puerto Rico - +GENERAL PHYSICS ...

Nearl ...

https://t.co/XFTxun8HXw",,,,,,,,,,,,,,,
24251557,2017/11/15 1:53,[],0,1,Bill Funderburk,173,386,"Los Angeles, CA",4553,None,None,-1,"Shameful story of greed over need: The Lineman Got $63 an Hour. The Utility Was Billed $319 an Hour., via @nytimes https://t.co/tAfPvbkL67",,,,,,,,,,,,,,,
71393968,2017/11/15 1:27,[],8,5,The Rescue Train,414,1731,Toluca Lake,3319,None,None,-1,WE NEED YOUR HELP! There are 100s of pets left homeless by Hurricane Harvey living in a grocery store in Houston. W‚Ä?https://t.co/zLbahr0Bss,,,,,,,,,,,,,,,
25912403,2017/11/15 1:09,[],1,0,Torr Leonard,37,884,"Los Angeles, CA",97161,None,None,-2,"""What was apparent: Many nursing homes did not have enough food to last a week and did not know how long it would t‚Ä?https://t.co/U7IpEGJ3Aq",,,,,,,,,,,,,,,
22179835,2017/11/15 0:59,"[u'Clearwater', u'Irma']",2,2,Scientology,73,93906,Los Angeles,118617,None,None,0,.@ScientologyVM's work alongside local residents to remove collapsed awning at Drew Gas Express. #Clearwater. #Irma‚Ä?https://t.co/K3lbtCG2GJ,,,,,,,,,,,,,,,
326945431,2017/11/15 0:44,[],0,0,Chrix Lanier,195,224,Los Angeles,1697,None,None,1,I liked a @YouTube video https://t.co/Y4Ah6n7eyp The Opposition w/ Jordan¬†Klepper¬†- Puerto Rico's Hurricane Recovery: A 10 out of 10,,,,,,,,,,,,,,,
277170859,2017/11/15 0:34,[],0,0,Ernest A. Canning,1213,1039,"Thousand Oaks, CA",68332,None,None,0,Puerto Rico Seeks $94 Billion from Federal Gov‚Äôt for Hurricane Recovery https://t.co/3Rgxtrt7cy via @democracynow,,,,,,,,,,,,,,,
9.07E+17,2017/11/14 23:23,[],0,4,TeamSlothTheBestTeamEver,53,0,"West Hollywood, CA",6,None,None,1,@Pokediger1 Hey Poke my name is Isaac and I'm a survivor from Hurricane Ophelia I was watching your vids and the Hu‚Ä?https://t.co/vjq8siiq3X,,,,,,,,,,,,,,,
22545453,2017/11/14 22:53,[],3,4,RAND Corporation,1206,144589,"Santa Monica, California",35247,None,None,0,What conditions support or hinder resilience investment during disaster recovery efforts? @MelissaFinucane explains: https://t.co/2S9fjKjC2r,,,,,,,,,,,,,,,
27278064,2017/11/14 22:33,[],0,1,Brooklynn Ramos,515,189,United States of America,3964,"Place(_api=<tweepy.api.API object at 0x10cdbb3d0>, country_code=u'US', url=u'https://api.twitter.com/1.1/geo/id/0509a6acb3d27ec4.json', country=u'United States', place_type=u'city', bounding_box=BoundingBox(_api=<tweepy.api.API object at 0x10cdbb3d0>, type=u'Polygon', coordinates=[[[-119.061758, 34.126875], [-118.776015, 34.126875], [-118.776015, 34.2500812], [-119.061758, 34.2500812]]]), contained_within=[], full_name=u'Thousand Oaks, CA', attributes={}, id=u'0509a6acb3d27ec4', name=u'Thousand Oaks')",None,0,"22C In my own opinion, the US needs to focus on domestic issues before we go into another country guns blazing. It‚Ä?https://t.co/QFCWKnwjje",,,,,,,,,,,,,,,
9.19E+17,2017/11/14 22:29,[],1,0,Max Greene,230,39,"Los Angeles, CA",1523,None,None,0,Special collections librarian at the University of Puerto Rico speaks https://t.co/AJvft414k8,,,,,,,,,,,,,,,
21692297,2017/11/14 22:06,[],21,122,The Advocate,945,254327,"Los Angeles, CA",52818,None,None,2,"Those were the good old days, @RandyRainbow. https://t.co/0GYcqtV8NX",,,,,,,,,,,,,,,
2192899248,2017/11/14 22:00,[],0,0,EthanAlexanderGroup,1371,217,"Los Angeles, CA",295,None,None,-1,"An Architect Made Floating Homes, And They Are Hurricane-Proof https://t.co/p2TedsJclB via @Futurism",,,,,,,,,,,,,,,
2336949294,2017/11/14 21:45,"[u'LookingForNews', u'US']",0,0,JUST PURE INFORMATION,688,8307,"Los Angeles, CA",625456,None,None,-1,@monitor_sur @cnn #LookingForNews.&gt;&gt; CNN #US Hurricane-struck Americans spent nearly $300 million at Home Depot... https://t.co/hRuFHA0wsm,,,,,,,,,,,,,,,
3175240248,2017/11/14 21:39,[],0,0,Study Abroad,71,60,"Los Angeles, CA",408659,None,None,0,UD students want to give fresh water to hurricane victims https://t.co/DXFB15s0iF,,,,,,,,,,,,,,,
1206035390,2017/11/14 20:59,[],0,1,Monique Judge,1631,13445,Los Angeles,81881,None,None,0,"What exactly was Mike Jones asking for on ""Drop &amp; Gimme 50"" ft. Hurricane Chris? Explain it to me like I'm 5.",,,,,,,,,,,,,,,
785548730,2017/11/14 20:02,[],2,3,Mr. Holland's Opus,639,2340,"Studio City, CA",1275,None,None,0,"To our Plano TX friends, do not miss D/FW Trombones for Houston, a concert supporting schools affected by Hurricane‚Ä?https://t.co/NDkci56N8Q",,,,,,,,,,,,,,,
12707222,2017/11/14 20:01,[],0,0,Annelize Bester,1686,1319,"Los Angeles, CA, U.S.A.",114986,None,None,-1,NPR: Hotel rooms are so scarce that FEMA is offering to fly Puerto Ricans displaced by Hurricane Maria to the main‚Ä?https://t.co/d30rNt81wK,,,,,,,,,,,,,,,
26601814,2017/11/14 19:55,[],0,0,Actor Jose Acevedo,4472,3943,Los Angeles CA.,6483,None,None,-1,Sailing Baylana   Hurricane Maria Disaster Zone https://t.co/roCHJRYVAh via @YouTube,,,,,,,,,,,,,,,
3295822230,2017/11/14 19:39,[],0,4,Nikolas Carrillo,95,48,,931,"Place(_api=<tweepy.api.API object at 0x10cdbb3d0>, country_code=u'US', url=u'https://api.twitter.com/1.1/geo/id/3b77caf94bfc81fe.json', country=u'United States', place_type=u'city', bounding_box=BoundingBox(_api=<tweepy.api.API object at 0x10cdbb3d0>, type=u'Polygon', coordinates=[[[-118.668404, 33.704538], [-118.155409, 33.704538], [-118.155409, 34.337041], [-118.668404, 34.337041]]]), contained_within=[], full_name=u'Los Angeles, CA', attributes={}, id=u'3b77caf94bfc81fe', name=u'Los Angeles')",None,0,"early 2018 goals:
1) save money
2) work out more
3) fence more
4) try not to fucking kill myself over all this fuck‚Ä?https://t.co/8TfkyWREXe",,,,,,,,,,,,,,,
797001271,2017/11/14 19:38,[],0,0,Omar McAllister,510,238,Los Angeles,52495,None,None,0,"Senate holds hearing on Puerto Rico hurricane relief

cnn://deeplink?section=livetv&amp;subsection=liveevent&amp;stream=CNN3",,,,,,,,,,,,,,,
42067025,2017/11/14 19:32,[u'Fuelcell'],5,15,Keith Malone,347,1061,"Los Angeles, California",15275,"Place(_api=<tweepy.api.API object at 0x10cdbb3d0>, country_code=u'US', url=u'https://api.twitter.com/1.1/geo/id/3b77caf94bfc81fe.json', country=u'United States', place_type=u'city', bounding_box=BoundingBox(_api=<tweepy.api.API object at 0x10cdbb3d0>, type=u'Polygon', coordinates=[[[-118.668404, 33.704538], [-118.155409, 33.704538], [-118.155409, 34.337041], [-118.668404, 34.337041]]]), contained_within=[], full_name=u'Los Angeles, CA', attributes={}, id=u'3b77caf94bfc81fe', name=u'Los Angeles')",None,0,#Fuelcell technology proves its value in hurricane relief efforts. https://t.co/VRGzU6hmP7 https://t.co/5prrozwIuN,,,,,,,,,,,,,,,
268011006,2017/11/14 19:25,[],0,0,Rachel Sisk,449,560,"Los Angeles, CA",4515,None,None,0,Hurricane and Wildfire relief efforts are still underway in many communities. How are you helping? If you're a‚Ä?https://t.co/XTUJqjOEhi,,,,,,,,,,,,,,,
43414431,2017/11/14 19:15,[],1,1,#CaliBernication,4611,3754,Los Angeles,48885,None,None,-2,"Exploiting tragedy, heartless Republicans seek to privatize Puerto Rico after Hurricane Maria https://t.co/iWgTpgNqSd",,,,,,,,,,,,,,,
26601814,2017/11/14 19:13,[],0,0,Actor Jose Acevedo,4472,3943,Los Angeles CA.,6483,None,None,0,Sailing Baylana Hurricane Maria Disaster Zone: https://t.co/D9NQuJanxL via @YouTube,,,,,,,,,,,,,,,
620350058,2017/11/14 19:11,[],0,0,Angelus News,427,2273,"Los Angeles, CA",10086,None,None,0,How Christians are continuing to help hurricane-devastated Puerto Rico: https://t.co/Ww9dwTNM3a https://t.co/HlkfYzUzqb,,,,,,,,,,,,,,,
467674978,2017/11/14 18:44,[],0,0,Wade Heath,1781,14466,"Los Angeles, CA",41018,None,None,0,"Al brought supplies, surprises, and smiles to some deserving families. https://t.co/BAEKabSLm1",,,,,,,,,,,,,,,
458658066,2017/11/14 18:37,[],1,2,"Psych-Appeal, Inc.",481,376,"Los Angeles, CA",559,None,None,-2,When children aren't talking and rain creates panic. Puerto Rico struggles under the immense psychological weight c‚Ä?https://t.co/BoDM2sAqg3,,,,,,,,,,,,,,,
2612942360,2017/11/14 18:35,[],0,0,"Uni MEDIA, LLC",336,448,"Studio City, CA",65749,None,None,-1,Hurricane-struck Americans spent nearly $300 million at Home Depot https://t.co/ZVkKtiKOme,,,,,,,,,,,,,,,
576558485,2017/11/14 18:29,[u'localgov'],0,0,Martin Lind,300,1291,Los Angeles,19757,None,None,-1,routefifty: Puerto Rico had an expensive energy problem before Hurricane Maria. https://t.co/Ha3wTq2sOv #localgov,,,,,,,,,,,,,,,
7.34E+17,2017/11/14 18:13,[],1,1,Henry Wade,121,178,"Los Angeles, CA",6010,None,None,0,"Texas doesn't need another ""Wild Hurricane"". Enter the matinee idol Zurdo Ramirez. He will expel this hurricane. Th‚Ä?https://t.co/BNc4ETukhX",,,,,,,,,,,,,,,
48191052,2017/11/14 18:00,[],0,0,Pepperdine Graphic,541,2400,"Malibu, CA",6972,None,None,0,Continuing to Step Forward: Learn how to give back to the community by helping recent Las Vegas and hurricane victi‚Ä?https://t.co/rbrNp9pyPM,,,,,,,,,,,,,,,
21620021,2017/11/14 17:51,[u'PuertoRico'],0,0,Malika Moro,605,681,Los Angeles,4023,None,None,-1,"if you can, looking for some financial help for my Abuela after significant damages to her home in #PuertoRico due‚Ä?https://t.co/YjIKla1j0U",,,,,,,,,,,,,,,
2459949091,2017/11/14 17:50,[],3,9,Yoobi,2640,13248,Los Angeles,1524,None,None,1,"With @KidsInNeed, we're donating school supplies for +1,800 kids,  including resettled students from Puerto Rico af‚Ä?https://t.co/LFW5hSbfLG",,,,,,,,,,,,,,,
1450874424,2017/11/14 17:25,[],0,0,bernard elias,96,27,Redondo Beach California!,9544,None,None,-2,"Republican overseeing Puerto Rico hopes island won't resist austerity because it's now like an ""alcoholic who hits‚Ä?https://t.co/ksKoTVzYHo",,,,,,,,,,,,,,,
1450874424,2017/11/14 17:24,[],0,0,bernard elias,96,27,Redondo Beach California!,9544,None,None,-2,"Republican overseeing Puerto Rico hopes island won't resist austerity because it's now like an ""alcoholic who hits‚Ä?https://t.co/tHT03jZv9p",,,,,,,,,,,,,,,
22545453,2017/11/14 16:56,[u'resilience'],3,2,RAND Corporation,1206,144589,"Santa Monica, California",35247,None,None,0,".@MelissaFinucane: For communities affected by hurricanes this year, investing in #resilience will be key. https://t.co/AIC5CCVgZF",,,,,,,,,,,,,,,
8.25E+17,2017/11/14 5:34,[],0,0,OffGridSystems,147,26,"Los Angeles, CA",89,None,None,-1,"Future Society
An Architect Made Floating Homes, And They Are Hurricane-Proof https://t.co/EST6MeGb1r",,,,,,,,,,,,,,,
1337631072,2017/11/14 5:30,[],41,103,Bangerz,455,889,"Malibu, CA",16017,None,None,1,"Miley? Third? On charity?Not when she supports over 31 causes, created her OWN foundation to help the LGBTQ homeles‚Ä?https://t.co/hEMR1RSISK",,,,,,,,,,,,,,,
112841419,2017/11/14 4:14,[],0,0,Gillian Silva,71,45,"Burbank, CA, USA",1144,"Place(_api=<tweepy.api.API object at 0x10cdbb3d0>, country_code=u'US', url=u'https://api.twitter.com/1.1/geo/id/1927193c57f35d51.json', country=u'United States', place_type=u'city', bounding_box=BoundingBox(_api=<tweepy.api.API object at 0x10cdbb3d0>, type=u'Polygon', coordinates=[[[-118.3959042, 34.075963], [-118.3433861, 34.075963], [-118.3433861, 34.098056], [-118.3959042, 34.098056]]]), contained_within=[], full_name=u'West Hollywood, CA', attributes={}, id=u'1927193c57f35d51', name=u'West Hollywood')","{u'type': u'Point', u'coordinates': [34.09089, -118.38569]}",1,Happy Sunday! I will be performing next Sunday November 19th at Whiskey a Go Go for Hurricane‚Ä?https://t.co/4eDr10V5mH,,,,,,,,,,,,,,,
22179835,2017/11/14 4:02,"[u'Clearwater', u'Irma']",1,3,Scientology,73,93906,Los Angeles,118617,None,None,0,The streets of downtown #Clearwater are cleared of debris by the @ScientologyVM's after Hurricane #Irma.‚Ä?https://t.co/5XzSlUBvkg,,,,,,,,,,,,,,,
65109514,2017/11/14 3:35,[],0,0,Global Issues Web,2420,141973,"Los Angeles, California, USA",446971,None,None,0,"In Texas, odds of Hurricane Harvey rainfall could rise to nearly 1 in 5 per year by 2100 https://t.co/cjNMcNgXwq https://t.co/365aQ7MIx7",,,,,,,,,,,,,,,
87067280,2017/11/14 3:25,[],1,7,Pete Zias,664,722,Los Angeles,2145,None,None,-2,The Grove needs to stop making it snow and make it HURRICANE! I want to see American Girl Place destroyed!,,,,,,,,,,,,,,,
309418082,2017/11/14 2:56,[],0,0,Natasha,111,133,"Los Angeles, CA",14167,None,None,-1,How is @JJWatt who raised 37 million for hurricane victims not citizen of the year?,,,,,,,,,,,,,,,
22545453,2017/11/14 2:39,[],4,6,RAND Corporation,1206,144589,"Santa Monica, California",35247,None,None,0,Here's how communities affected by recent hurricanes can invest in resilience as they rebuild: https://t.co/bY4PWPTnvo via @MelissaFinucane,,,,,,,,,,,,,,,
162811832,2017/11/14 2:13,[],0,1,Alex Tanielian,285,354,"Los Angeles, CA",6256,None,None,-2,Hurricane Irma on my neck,,,,,,,,,,,,,,,
14731039,2017/11/14 2:04,[],1,0,America MUST Unite +++,477,2535,"Canoga Park, CA",20397,None,None,1,One of these men raised 37 million for Hurricane Relief. The other is an ‚ÄúAmerican Hero‚Ä? according to @GQMagazine‚Ä?https://t.co/73bwnbEIdG,,,,,,,,,,,,,,,
181182954,2017/11/14 1:50,[],0,0,Roxanne Reyes,637,1145,"Los Angeles, CA",29656,None,None,-1,"An Architect Made Floating Homes, And They Are Hurricane-Proof https://t.co/oTUn1JoZwT via @Futurism",,,,,,,,,,,,,,,
546277891,2017/11/14 1:29,[],0,0,Karla Silva,3377,494,"Santa Monica, CA",62572,None,None,-1,"After Hurricane, Signs of a Mental Health Crisis Haunt Puerto Rico https://t.co/ZZb8Pyeqit",,,,,,,,,,,,,,,
3221699157,2017/11/14 1:26,[],0,0,Susan Johnson,2521,7014,"Los Angeles, CA",51949,None,None,0,"Lady Antebellum, Dierks Bentley, &amp; Bobby Bones Share Personal Connections to Vegas and Hurricane Tragedies at Country Rising ‚Ä?
3180853153,2017-11-14 01:26:11,[],0,0,Monique Hill,2978,7855,Los Angeles"," CA""",39425,None,None,"Lady Antebellum, Dierks Bentley, &amp; Bobby Bones Share Personal Connections to Vegas and Hurricane Tragedies at Country Rising ‚Ä?
3320901195,2017-11-14 01:23:13,[],0,0,Music Fangirl,412,2461,Los Angeles"," CA""",27232,None,None,"Lady Antebellum, Dierks Bentley, &amp; Bobby Bones Share Personal Connections to Vegas and Hurricane Tragedies at Country Rising ‚Ä?
512436606,2017-11-14 01:20:20,[],0,0,Linda Denning,96,74,Oak Park"," CA""",1528,None,None,"Wow let‚Äôs not go w 1 of the many ppl who helped raise millions for hurricane relief efforts, say @JJWatt 4 instanceüôÑ https://t.co/1YMdxkcxvy"
22179835,2017/11/14 1:17,"[u'Clearwater', u'Irma']",1,5,Scientology,73,93906,Los Angeles,118617,None,None,1,The @ScientologyVM's are working tirelessly throughout beautiful #Clearwater to assist in the #Irma cleanup efforts‚Ä?https://t.co/60Pcfzqgpd,,,,,,,,,,,,,,,
16664681,2017/11/14 1:10,[],14,17,Los Angeles Times,10665,3107969,"Los Angeles, CA",183452,None,None,0,"In Texas, odds of Hurricane Harvey rainfall could rise to nearly 1 in 5 per year by 2100 https://t.co/F2dxWySnDw https://t.co/I1eWWghzO3",,,,,,,,,,,,,,,
1449654128,2017/11/14 1:00,[],0,0,Carlyle Avenue,340,246,"Los Angeles, CA",5982,None,None,0,Check it out! We just got in the Stepped Base Hurr...! https://t.co/QK3RAArXyV,,,,,,,,,,,,,,,
3295822230,2017/11/14 0:57,[],0,1,Nikolas Carrillo,95,48,,931,"Place(_api=<tweepy.api.API object at 0x10cdbb3d0>, country_code=u'US', url=u'https://api.twitter.com/1.1/geo/id/3b77caf94bfc81fe.json', country=u'United States', place_type=u'city', bounding_box=BoundingBox(_api=<tweepy.api.API object at 0x10cdbb3d0>, type=u'Polygon', coordinates=[[[-118.668404, 33.704538], [-118.155409, 33.704538], [-118.155409, 34.337041], [-118.668404, 34.337041]]]), contained_within=[], full_name=u'Los Angeles, CA', attributes={}, id=u'3b77caf94bfc81fe', name=u'Los Angeles')",None,-1,why am i getting notifications of who ppl are following? if it's not memes i don't care,,,,,,,,,,,,,,,
10008932,2017/11/14 0:42,[],0,1,Gabriel Gastelum,790,3837,Los Angeles ,22579,None,None,0,What is this hurricane Seattle?,,,,,,,,,,,,,,,
426002529,2017/11/14 0:37,"[u'Catholicschools', u'PrayforPuertoRico']",1,1,CEF,350,590,"Los Angeles, CA",1328,None,None,-1,"These #Catholicschools are reopening, with or without electricity. #PrayforPuertoRico https://t.co/POO9thukCu",,,,,,,,,,,,,,,
1733245196,2017/11/14 0:27,[],0,1,William Mungall,198,390,"Los Angeles, CA",207586,None,None,0,"In Texas, odds of Hurricane Harvey rainfall could rise to nearly 1 in 5 per year by 2100 https://t.co/a7oG7tiNhI",,,,,,,,,,,,,,,
1681246782,2017/11/14 0:26,[],0,0,jorge,522,251,los angeles,10629,"Place(_api=<tweepy.api.API object at 0x10cdbb3d0>, country_code=u'US', url=u'https://api.twitter.com/1.1/geo/id/c1e1a49e92ce1ba0.json', country=u'United States', place_type=u'city', bounding_box=BoundingBox(_api=<tweepy.api.API object at 0x10cdbb3d0>, type=u'Polygon', coordinates=[[[-118.3940862, 33.7804411], [-118.308349, 33.7804411], [-118.308349, 33.886988], [-118.3940862, 33.886988]]]), contained_within=[], full_name=u'Torrance, CA', attributes={}, id=u'c1e1a49e92ce1ba0', name=u'Torrance')",None,-2,How did JJ watt not win citizen of the year from that stupid magazine? He raised THIRTY-FIVE MILLION DOLLARS for hu‚Ä?https://t.co/u7CqOrVnS8,,,,,,,,,,,,,,,
24051617,2017/11/14 0:22,[],0,1,Asian Girl W.T,1740,1703,"Los Angeles, CA",35005,None,None,0,"In Texas, odds of Hurricane Harvey rainfall could rise to nearly 1 in 5 per year by 2100 https://t.co/OrEEp73O9f https://t.co/ozF6Qdk9Ve",,,,,,,,,,,,,,,
17919245,2017/11/14 0:22,[],0,0,L.A. Times News 24/7,72,4124,"Los Angeles, CA",239329,None,None,0,"In Texas, odds of Hurricane Harvey rainfall could rise to nearly 1 in 5 per year by 2100 https://t.co/IcX91O18qX",,,,,,,,,,,,,,,
17918545,2017/11/14 0:20,[],2,0,L.A. Times Science,427,68633,"Los Angeles, CA",10687,None,None,0,"In Texas, odds of Hurricane Harvey rainfall could rise to nearly 1 in 5 per year by 2100 https://t.co/lJkuJQO0Mi",,,,,,,,,,,,,,,
8.04E+17,2017/11/13 23:48,[],3,1,Vet Action Network,1015,3005,"Santa Monica, CA",6011,None,None,-2,Slow And Confusing EPA Response To Hurricane Harvey Pollution Angers Residents https://t.co/QQIMUP62jl,,,,,,,,,,,,,,,
559398691,2017/11/13 23:47,[],0,0,Emma Colven,305,212,"Los Angeles, CA",200,None,None,-1,"The emotional trauma of disaster and climate change || After Hurricane, Signs of a Mental Health Crisis Haunt Puert‚Ä?https://t.co/tThpG7g7Kg",,,,,,,,,,,,,,,
12707222,2017/11/13 23:41,[],0,0,Annelize Bester,1686,1319,"Los Angeles, CA, U.S.A.",114986,None,None,-2,NPR: Hurricane Harvey caused industrial facilities in Texas to release an extra 5.98 million pounds of pollution i‚Ä?https://t.co/bETavVhepf,,,,,,,,,,,,,,,
1907058972,2017/11/13 22:52,[],1,0,Leon,730,1246,LA,40922,None,None,-2,Immigrant day laborers confront a perfect storm of exploitation in Hurricane Harvey cleanup https://t.co/nm9YnGNpCc by @reneefeltz,,,,,,,,,,,,,,,
4625057053,2017/11/13 22:32,"[u'JasonAldean', u'mybeat']",1,1,mybeat,1713,1049,"Los Angeles, CA",47464,None,None,-2,#JasonAldean Addresses Route 91 Shooting at Country Rising: 'I'll Be Damned If Anyb‚Ä?https://t.co/OhQdQyJ5Nd #mybeat https://t.co/zaKJcS1rTu,,,,,,,,,,,,,,,
1015767240,2017/11/13 22:30,[],0,0,Major Music,5315,44475,"Los Angeles, CA",76205,None,None,0,"Lady Antebellum, Dierks Bentley, &amp; Bobby Bones Share Personal Connections to Vegas and Hurricane Trage...‚Ä?https://t.co/KprsDNCTJi",,,,,,,,,,,,,,,
1015767240,2017/11/13 22:29,[],0,0,Major Music,5315,44475,"Los Angeles, CA",76205,None,None,-2,Jason Aldean Addresses Route 91 Shooting at Country Rising: 'I'll Be Damned If Anybody's Ever Going to...‚Ä?https://t.co/S2rGVdo1ou,,,,,,,,,,,,,,,
2336949294,2017/11/13 22:11,[],0,0,JUST PURE INFORMATION,688,8307,"Los Angeles, CA",625456,None,None,0,"New story on NPR: In Puerto Rico, The Crisis After Hurricane Maria Is Taxing Residents' Mental Health https://t.co/BHg53rmy0u",,,,,,,,,,,,,,,
2967808004,2017/11/13 22:04,[],0,0,Brody,35,46,los angeles,39990,None,None,0,"New story on NPR: In Puerto Rico, The Crisis After Hurricane Maria Is Taxing Residents' Mental Health https://t.co/VFmn7iqcvJ",,,,,,,,,,,,,,,
55657293,2017/11/13 21:53,[],0,0,CSG,57,143,"Los Angeles, CA",2396,None,None,0,IT Disaster Recovery Planning: What Hurricane Season Can Teach LA Companies https://t.co/aRHv7A0dLt,,,,,,,,,,,,,,,
17505136,2017/11/13 21:53,[],0,0,Scott Spiro,266,587,"Los Angeles, CA",2122,None,None,0,IT Disaster Recovery Planning: What Hurricane Season Can Teach LA Companies https://t.co/Hd85Pqeww3,,,,,,,,,,,,,,,
73171384,2017/11/13 21:52,[],0,0,IfThisWasTheFuture,216,538,"Los Angeles, CA",364539,None,None,0,"An Architect Made Floating Homes, And They Are Hurricane-Proof https://t.co/46TovgsRiQ",,,,,,,,,,,,,,,
80045381,2017/11/13 21:46,[],0,0,Erik Daniel Cruz,80,78,"Los Angeles, CA",502,None,None,0,Save kids in need around the world https://t.co/rMezTymYtP,,,,,,,,,,,,,,,
31476442,2017/11/13 21:29,[],1,6,Dana Ward,492,41498,"Los Angeles, CA",20501,None,None,1,Watch this beautiful and powerful short film by @wesrodphoto... inspired by when Hurricane Irma hit his hometown. T‚Ä?https://t.co/VHEdrZfKlx,,,,,,,,,,,,,,,
22179835,2017/11/13 20:39,[],0,0,Scientology,73,93906,Los Angeles,118617,None,None,1,"@rlightfoot1973 Roger, the Church is extensively involved in helping communities, here's 3rd party coverage of our‚Ä?https://t.co/kEspinU8OJ",,,,,,,,,,,,,,,
9.21E+17,2017/11/13 20:35,[u'HurricaneNate'],0,0,"Eusoh, Inc.",42,16,"Los Angeles, CA",72,None,None,0,Discover 12 Ways to Support the #HurricaneNate Relief Efforts. Help Louisiana and Mississippi‚Ä?https://t.co/0WZm3H7sZD,,,,,,,,,,,,,,,
499605929,2017/11/13 20:28,[],0,0,Villa Azarmehr,4854,4281,"Los Angeles, CA",33568,None,None,-2,How President Trump turned hurricane relief into product placement for campaign swag - The - https://t.co/9CH1kpMq0D https://t.co/IvyWUGMtzR,,,,,,,,,,,,,,,
7.57E+17,2017/11/13 20:28,[],0,1,The Sara Nicole,347,1015,"Hollywood, Los Angeles",3771,None,None,0,The US Virgin Islands Still Recovering From Hurricane Irma And Maria https://t.co/4Odo5pWY7z,,,,,,,,,,,,,,,
8.78E+17,2017/11/13 19:27,[],0,1,TV Time Support,28,447,"Los Angeles, CA",1042,None,None,-1,"@jensensass_ @tvshowtime Hi, yes this is accurate but the season was delayed due to hurricane conditions. :)",,,,,,,,,,,,,,,
9.06E+17,2017/11/13 19:23,[],0,1,Andrea E T.,90,30,"Los Angeles,CA",2133,None,None,-2,@VeniceMase @Kaepernick7 @KDTrey5 He got it for doing nothing. Why didn't they pick rescue teams from Hurricane Har‚Ä?https://t.co/77YK0XovTC,,,,,,,,,,,,,,,
3197771592,2017/11/13 18:56,[],74,159,MADAME,116,41511,"Los Angeles, CA",23895,None,None,1,JJ Watt raised $37 million for Hurricane Harvey victims. 37 MILLION! But Kaepernick refused to stand for our nation‚Ä?https://t.co/i0OUEALEzA,,,,,,,,,,,,,,,
22179835,2017/11/13 18:54,[],0,0,Scientology,73,93906,Los Angeles,118617,None,None,0,"@tttlfan @ScientologyVM Yes, we did:  https://t.co/Dj31ulzW0z You might also find this relevant: https://t.co/BOFEtlxPgg",,,,,,,,,,,,,,,
64853417,2017/11/13 18:54,[],0,0,JZ,139,63,Los Angeles US,1856,None,None,0,The Lineman Got $63 an Hour. The Utility Was Billed $319 an Hour. https://t.co/6Cs5hvS06n @usa,,,,,,,,,,,,,,,
7.20E+17,2017/11/13 18:53,[],0,0,best visionboard,89,36,"Los Angeles, CA",3432,None,None,0,Smith College offers free semester to students affected by Hurricane Maria via /r/UpliftingNews‚Ä?https://t.co/NJD7MNDM9F,,,,,,,,,,,,,,,
22545453,2017/11/13 18:10,[],4,3,RAND Corporation,1206,144589,"Santa Monica, California",35247,None,None,0,What conditions support or hinder resilience investment during disaster recovery efforts? @MelissaFinucane explains: https://t.co/9ACesoeXAo,,,,,,,,,,,,,,,
17917983,2017/11/13 18:01,[],0,0,themeem,797,165,"Laurel Canyon, Los Angeles, CA",858,None,None,0,I'm not great at math but...this. https://t.co/ZvY8ZD4IqN,,,,,,,,,,,,,,,
104086983,2017/11/13 17:56,[],259,3855,julien solomita,2359,277292,LA,13328,None,None,1,"the oj pulp pins raised a total of $5800 to go towards hurricane maria relief efforts. well done, dink fam üçäüôè https://t.co/s4qp1EY4Ax",,,,,,,,,,,,,,,
8.32E+17,2017/11/13 17:48,[],0,1,Jose Alvarez,755,74,"Los Angeles, CA",837,None,None,1,@hadassah1024 I miss talking to you now that the hurricane season is winding down! LOL!,,,,,,,,,,,,,,,
17105374,2017/11/13 17:37,[],0,0,earl halfshirt.,2226,1795,Los Angeles,199909,None,None,0,The Lineman Got $63 an Hour. The Utility Was Billed $319 an Hour. https://t.co/59nBfUDWic,,,,,,,,,,,,,,,
340464771,2017/11/13 17:35,[],2,0,Lolis,1023,2054,Los Angeles,6926,None,None,-1,"After Hurricane, Signs of a Mental Health Crisis Haunt Puerto Rico https://t.co/0KJcwR8lqM",,,,,,,,,,,,,,,
488998711,2017/11/13 17:30,[],336,808,Joey Salads,741,77870,NY/LA,15104,None,None,1,".@JJWatt should have been ‚ÄúCitizen of the Year‚Ä?over @Kaepernick7 

JJ Raised $35 millions+ for Hurricane Relief.‚Ä?https://t.co/aKiM42UuK6",,,,,,,,,,,,,,,
576558485,2017/11/13 17:18,"[u'localgovwire', u'localgovernment']",0,0,Martin Lind,300,1291,Los Angeles,19757,None,None,-1,Hurricane Maria Has Made Puerto Rico the Land of Opportunity for Solar Power https://t.co/nDYenlKgfX #localgovwire #localgovernment,,,,,,,,,,,,,,,
86215934,2017/11/13 17:07,[],0,1,Alexander,1129,283,"Los Angeles, California",21336,None,None,1,@GQMagazine slow day at the office ? There‚Äôs this dude named JJ Watt who raised $37 Million for Houston‚Äôs hurricane‚Ä?https://t.co/2zinuSoUkJ,,,,,,,,,,,,,,,
8.51E+17,2017/11/13 17:06,[],0,0,CA Process Service,4995,675,"Los Angeles, CA",65918,None,None,-1,"Rescue me: A coffee loving cat, a Chihuahua duo, and a hurricane-rescue Bulldog mix are‚Ä?https://t.co/XKvrDDTjMx https://t.co/LpE0oq0Mse",,,,,,,,,,,,,,,
