user_id,created_at,hashtags,retweet_count,favorite_count,user_name,user_friends_count,user_followers_count,user_location,user_tweet_count,place,geo,happiness_index,tweets
8.44E+17,2017/11/16 22:01,[],0,1,Ali Gencer .,439,501,"Los Angeles, CA",28998,None,None,-2,"@IranNewsroom saudi,is not a country,Muslim never!it was state of uk,now it has changed hands to usa!royal family a‚Ä?https://t.co/0jThca9gs7"
161056941,2017/11/16 21:28,[],0,0,Eugene Harris,247,325,"LOS ANGELES, CA",645,None,None,-1,"Well ain't this some shit.
I'm not Alex Jones or a conspiracy guy but something doesn't adds up with this Domestic‚Ä?https://t.co/Swrp1ZO3VE"
8.16E+17,2017/11/16 20:45,[],0,0,Bruce Baldwin,1858,579,"Los Angeles, CA",12315,None,None,-2,"@FuzzyWuzzyTO Fuzzy, you sweet gay terrorist, exactly what is it that you don't understand about pizza? Do we need‚Ä?https://t.co/qnQEYYgPc0"
60815392,2017/11/16 20:44,[],0,0,Buddahfan,319,656,Los Angeles,146376,None,None,-2,"One terrorist group out and another one moves in. 

Iran moves into Syria to fill terrorist void left by weakened I‚Ä?https://t.co/HnkmgiBxwj"
9.18E+17,2017/11/16 20:35,[],0,0,"Tara Chand Esq., Founder & CEO of IPG Inc.",972,4,"Los Angeles, CA",19,None,None,0,"""Tara Chand Esq., CEO IPG Inc., Writes to President Trump Identifying Root Causes of ISIS &amp; Other Types of Recent Terrorist Attacks"""
14792082,2017/11/16 20:18,"[u'terrorist', u'LloydBlankfein', u'Brexit']",0,1,Jeffrey Gold,697,468,"Los Angeles, CA",4187,None,None,-1,Why is anyone listening to the domestic economic #terrorist @lloydblankfein #LloydBlankfein about a second #Brexit‚Ä?https://t.co/dWHcagEQJN
17528812,2017/11/16 20:12,[],0,3,Jim Coughlin,1810,1602,"Los Angeles, California, USA",6915,"Place(_api=<tweepy.api.API object at 0x000000000DEAF550>, full_name=u'Los Angeles, CA', url=u'https://api.twitter.com/1.1/geo/id/3b77caf94bfc81fe.json', country=u'United States', place_type=u'city', bounding_box=BoundingBox(_api=<tweepy.api.API object at 0x000000000DEAF550>, type=u'Polygon', coordinates=[[[-118.668404, 33.704538], [-118.155409, 33.704538], [-118.155409, 34.337041], [-118.668404, 34.337041]]]), contained_within=[], country_code=u'US', attributes={}, id=u'3b77caf94bfc81fe', name=u'Los Angeles')",None,-2,"If any terrorist organizations want to destroy America, they could do worse than to study the techniques of the Republican Party."
262385174,2017/11/16 19:41,[],1,2,Jason Shaffer,234,100,"Los Angeles, CA",3932,None,None,-2,Unfortunately there isn't anyway to hide the fact that he is a disgusting and shameful sub human being. It's true.‚Ä?https://t.co/VdjhH0lRjh
15387404,2017/11/16 19:20,[],0,0,JayRnLa,1038,648,Los Angeles,5618,None,None,-2,@realDonaldTrump WTF do you care?  You‚Äôre trying to kill all of us with your shit healthcare and tax reform.  What‚Äô‚Ä?https://t.co/Bk0nehtWwb
36497764,2017/11/16 19:00,[],0,1,Kiera,497,363,"Los Angeles, CA",2379,None,None,-2,This is getting ridiculous. All of my news alerts are either new sexual harassment allegations or new terrorist sho‚Ä?https://t.co/UMnlGL1wrG
2519580234,2017/11/16 18:57,[],0,0,Climate Change 911,4406,4870,"Los Angeles, CA",6276,None,None,-1,Climate Change and Water Woes Drove ISIS Recruiting in Iraq https://t.co/TLz3VAD14E
8.89E+17,2017/11/16 18:42,[],0,0,TMZMETS,403,279,"Hollywood, Los Angeles",12900,None,None,-1,@usblm where‚Äôs your poll terrorist?
542292712,2017/11/16 16:38,[],0,0,#doobieworld,861,2487,"Los Angeles, CA",250010,None,None,-2,I used to hate getting off on CMT in high school smh. Them niggas was terrorist back then üòÇüòÇüòÇüòÇ
7.24E+17,2017/11/16 16:15,[],4,6,Corinne Buckley,11933,12396,"Beverly Hills, CA",10403,None,None,-2,Terrorist linda Sarsour gets honor for praising terror against Potus and violence against women . What is wrong wit‚Ä?https://t.co/RiYpZbNdy8
50050607,2017/11/16 16:01,[],0,0,Howard Hoffenberg,192,200,Los Angeles (Brentwood),1089,None,None,-2,Write representatives to amend Communications Decency Act to add notice and take down procedures for terrorist cont‚Ä?https://t.co/5Vc9uR0uL4
579893506,2017/11/16 15:30,[],0,0,Higher Education,4004,3816,"Burbank, California",21264,None,None,-2,"Terrorist-sympathizer speaks at George Washington University, calls Zionists 'McCarthyites' - Washington Examiner https://t.co/rbJ3PyHwj9"
9.23E+17,2017/11/16 15:28,[],0,0,Eric Czarnopys,137,28,"Venice, CA",159,None,None,1,"Crisp CEO believes we can beat online hate speech, terrorist content, and fake news https://t.co/smcYxT1RMh https://t.co/14hC4tyPyH"
2959209469,2017/11/16 15:03,[],0,0,MADDCAL,4500,3676,"Los Angeles, CA",13738,None,None,0,"Bannon Turns Down Lunch With Foreign Leader, Refused &amp;#8216;To Breathe the Same Air as a Terrorist&amp;#8217; https://t.co/2QaFzdl93i"
187578616,2017/11/16 14:47,[],21,23,David Horowitz,560,47843,"Los Angeles, Ca",7336,None,None,-1,"A terrorist group on 200 U.S. campuses, supported by the entire campus left: https://t.co/5F8UsjgbAw"
4593611713,2017/11/16 13:04,[],0,0,OLRM,133,19,"Los Angeles, CA",552,None,None,1,"Crisp CEO believes we can beat online hate speech, terrorist content, and fake news https://t.co/e5zX73tQ5G"
4593611713,2017/11/16 12:54,[],0,0,OLRM,133,19,"Los Angeles, CA",552,None,None,1,"Crisp CEO believes we can beat online hate speech, terrorist content, and fake news https://t.co/6HvGHATO6Z https://t.co/Xiswn18JNH"
4593611713,2017/11/16 12:21,[],0,0,OLRM,133,19,"Los Angeles, CA",552,None,None,1,"Crisp CEO believes we can beat online hate speech, terrorist content, and fake news https://t.co/TUCsE2y5qP https://t.co/MJFYt1dV5t"
24621432,2017/11/16 10:09,[],0,0,Heather Kenyon,657,620,"Los Angeles, CA",1809,None,None,-2,"I released 2,000 minks from a fur farm. Now I'm a convicted terrorist | Kevin Johnson https://t.co/OfP96AuioV"
4426244834,2017/11/16 9:47,[],0,0,garlic toasties,190,72,LA,785,None,None,-2,@Viqingur @amnesty what does that have to do with the race of the vast majority of terrorist attackers in Europe? Ur self hatred is suicidal
63202029,2017/11/16 6:45,[],0,0,zoli osaze,4114,3612,los angeles,165392,None,None,-2,another white terrorist ..... a known nutjob .... more white privilege ..... the NRA .... and the GOP costing innoc‚Ä?https://t.co/a1rufRHebk
565843310,2017/11/16 6:23,[],0,1,hollywood,186,246,"Burbank, CA",9869,None,None,-2,@LeftSentThis White terrorist trump supporter
357965868,2017/11/16 6:12,[u'TrumpIsAMoron'],0,0,schottzie78,2676,98,Los Angeles,479,None,None,-2,"@realDonaldTrump @PressSec @GOP 

So many domestic terrorist attacks you can‚Äôt keep them straight. #TrumpIsAMoron‚Ä?https://t.co/ed3v3jzNUz"
2680615508,2017/11/16 5:18,[],0,0,The Majors LA,201,219,"Los Angeles, CA",48035,None,None,0,"Bianca Campbell enlisted in the U.S. Army two days after the terrorist attacks of Sept. 11, 2001. The timing was... https://t.co/svCoHng8Un"
2869945663,2017/11/16 5:09,[],0,0,dilly dilly,690,783,"Los Angeles, CA",25070,None,None,-1,The ivory trade literally funds terrorist groups. https://t.co/mb5esx6CxL
8.24E+17,2017/11/16 4:39,[],0,0,Khalev Ramirez,670,59,"Los Angeles, CA",464,None,None,-2,Send your Lawyer to jail for conspiring to terrorist acts via fraud. Via retaliation! Send his ass to county for 8 months like he sent me
774024776,2017/11/16 4:22,[],0,0,Julie Dufour,2051,1126,"Los Angeles, California",13247,None,None,2,I love to see @SteveScalise looking so well. Thank God The domestic terrorist failed. https://t.co/DwVS7eFJpq
2734998494,2017/11/16 4:11,[],1,1,Dean Mohamed,4999,2339,"Los Angeles, CA",8787,None,None,-2,"CIA, MI6 and Mossad are behind ISIS and other terrorist activities, backed by pro govt media!!!! https://t.co/N8Ql0f8q7U"
9.24E+17,2017/11/16 3:03,[],0,0,Dawnalexus,45,26,"Inglewood, CA",101,None,None,-2,@Hunitproof can u pls take ur terrorist looking ass back wdf u came from we dnt need the neg bullshit over her boo and I‚Äôm being hella nice
20008659,2017/11/16 2:13,[],2,4,Melissa Schwartz,327,694,Los Angeles,4642,None,None,-2,"""Put succinctly, I am a terrorist not because of what I did, but because the government dislikes why I did it."" https://t.co/BLPrqkAXNs"
447021141,2017/11/16 1:47,[u'TheTrueFaceOfTerrorismEuropeans'],0,1,Kristina Knight,57,146,Beverly Hills CA,4540,None,None,-2,#TheTrueFaceOfTerrorismEuropeans This scum bag just shot up a children's elementary school in northern California k‚Ä?https://t.co/ijGu0EoKVn
223930293,2017/11/16 1:18,[],1,0,dancerette,2426,1407,los angeles,33189,None,None,-2,How Can The U.S. Allow Terrorist Organizations Who Are Now In The Nation And Paying For Assaults On Americans GO UN‚Ä?https://t.co/Gu7sit0wQ7
399129934,2017/11/16 0:34,"[u'terrorist', u'white', u'Vegas', u'Texas', u'mummy', u'MitchMcConell']",1,1,Tommy Garrett,4144,2320,Beverly Hills,46422,"Place(_api=<tweepy.api.API object at 0x000000000DEAF550>, full_name=u'Beverly Hills, CA', url=u'https://api.twitter.com/1.1/geo/id/741e9df4d2522275.json', country=u'United States', place_type=u'city', bounding_box=BoundingBox(_api=<tweepy.api.API object at 0x000000000DEAF550>, type=u'Polygon', coordinates=[[[-118.4273439, 34.052559], [-118.371934, 34.052559], [-118.371934, 34.112434], [-118.4273439, 34.112434]]]), contained_within=[], country_code=u'US', attributes={}, id=u'741e9df4d2522275', name=u'Beverly Hills')",None,-2,If a #terrorist is #white (#Vegas #Texas) Tramp has nothing to tweet or say. And now #mummy #MitchMcConell) wants T‚Ä?https://t.co/pfFhhkbxia
3039681304,2017/11/16 0:31,[u'Scientology'],0,1,Jeffrey Augustine,852,4349,"Los Feliz, CA",1165,None,None,-1,"@nacafoil #Scientology is a psycho-terrorist organization awash in strange suicides, deaths, destroying families, f‚Ä?https://t.co/SS7OjQH990"
4835593824,2017/11/15 23:18,[],3,7,Currie Dobson,1732,2272,"Los Angeles, CA",57723,None,None,-1,"@dannythetrucker Who said I was a Bernie supporter anymore? He lost me when he didn't speak up about being cheated,‚Ä?https://t.co/BIbPO05OFJ"
334371998,2017/11/15 23:17,[],0,3,Anastacia,391,356,Chicago and Los Angeles,22811,None,None,-2,"Like, lady, I can assure you that she is not a terrorist, but you, I'm sure, are a real bitch!"
334371998,2017/11/15 23:16,[],0,1,Anastacia,391,356,Chicago and Los Angeles,22811,None,None,-2,"Haha I hate racists. 
The bakery attendant a Jewel was wearing a hijab and because of this, the lady after me at th‚Ä?https://t.co/1PMntTk7t3"
6603812,2017/11/15 23:00,[],2,1,USC Public Diplomacy,989,11669,"Los Angeles, CA",28208,None,None,0,"In his new book, ""As Terrorism Evolves,"" @PhilipSeib says terrorist prospects are ""so unhappy with their lives for‚Ä?https://t.co/MKkQPAs3QE"
8.89E+17,2017/11/15 21:55,[],1,2,TMZMETS,403,279,"Hollywood, Los Angeles",12901,None,None,-2,@usblm @bronxilla @realDonaldTrump BLM is a terrorist organization.
25324003,2017/11/15 20:28,[],0,0,Darlene,216,92,Where else but Los Angeles!!!,3982,None,None,-2,"What‚Äôs sad is this POS will be labeled as mentally ill instead of what he really is, a damn terrorist.   Body of No‚Ä?https://t.co/oktHEENIZl"
3289411020,2017/11/15 20:22,[],0,0,Brandyfornia,279,381,"Los Angeles, CA",9956,None,None,-2,That nigga was probably the real terrorist ü§¶üèΩ‚Äç‚ôÄÔ∏?https://t.co/Xpow3C36KQ
45213222,2017/11/15 20:19,[],4,5,SAVIORSELF,419,667,"SAN DIEGO (NATIONAL CITY), CA",17908,"Place(_api=<tweepy.api.API object at 0x000000000DEAF550>, full_name=u'Los Angeles, CA', url=u'https://api.twitter.com/1.1/geo/id/3b77caf94bfc81fe.json', country=u'United States', place_type=u'city', bounding_box=BoundingBox(_api=<tweepy.api.API object at 0x000000000DEAF550>, type=u'Polygon', coordinates=[[[-118.668404, 33.704538], [-118.155409, 33.704538], [-118.155409, 34.337041], [-118.668404, 34.337041]]]), contained_within=[], country_code=u'US', attributes={}, id=u'3b77caf94bfc81fe', name=u'Los Angeles')",None,-2,If this is the definition of ‚Äúterrorist‚Ä?then we can all agree that the USA was created thru terrorism. https://t.co/5mZBDpcG2m
16022929,2017/11/15 20:00,[],0,1,"Corey ""Get Rid Of The Nazis On Here"" Rittmaster",737,806,"Los Angeles, CA",10603,None,None,-2,The @NRA doesn‚Äôt even represent NRA members. They‚Äôre a terrorist organization. https://t.co/XDgjamAiek
8.46E+17,2017/11/15 19:56,[],0,0,P.L.Brown,112,17,"Los Angeles, CA",38,None,None,-2,How many times will the political terrorist republican party try to kills americans with their stupid ideas. I don'‚Ä?https://t.co/1wl1Yaw4xt
2321628775,2017/11/15 19:27,[],0,0,I'm So Tired,199,72,Los Angeles,332,None,None,-2,"@michaelianblack Love this. Please keep it up. ""The NRA is a terrorist organization"" whose immoral lobbying and pol‚Ä?https://t.co/ZdvKZ6siXi"
314292109,2017/11/15 19:26,[],0,1,Clipsluv,961,1057,"Los Angeles, CA",132453,None,None,-2,Of course the terrorist that shot up a school in Northern California is a white male...that's why the right has onl‚Ä?https://t.co/Krbk4icIBG
37255542,2017/11/15 18:49,[],0,0,Owen Conway,1280,341,"Los Angeles, CA",1825,None,None,-2,"PETA is a terrorist cabal who kidnap and murder pets. If you love animals, don't support these monsters‚Ä?https://t.co/xx7uDJLiko"
37255542,2017/11/15 18:48,[],0,2,Owen Conway,1280,341,"Los Angeles, CA",1825,None,None,-2,@katystoll @cracked PETA is a terrorist organization. Good on you guys for calling out these murderers
170956028,2017/11/15 18:30,[],0,0,A l e x,692,1160,"Los Angeles, CA",17742,None,None,-2,I nearly had a panic attack during a scheduled fire drill at work. I couldn‚Äôt help but think of 9/11 or a shooting.‚Ä?https://t.co/Nvgm9bDH4D
45681041,2017/11/15 18:15,[],1,20,Vertigo Comics,144,182272,"Burbank, CA",5436,None,None,-1,They used to be allies who fought side by side. Now Jason has to track down Amber Waves for her terrorist crimes in‚Ä?https://t.co/UMJvSd3pNO
8.63E+17,2017/11/15 18:07,"[u'terrorist', u'Terrorism', u'RanchoTehama', u'northerncaliforniashooting', u'TrumpRussia', u'anyonecanbeaterrorist']",0,0,Lay C. Front,104,48,"Los Angeles, CA",137,None,None,-2,Sounds like a #terrorist #Terrorism to me. #RanchoTehama #northerncaliforniashooting #TrumpRussia #anyonecanbeaterrorist
8.97E+17,2017/11/15 17:37,[],0,0,Kevin of the Right,16,8,"Los Angeles, CA",311,None,None,-2,"@titostiles @erieboatr @FoxNews He‚Äôs an illegal immigrant and and terrorist, why are you defending him?"
12863902,2017/11/15 17:07,[],0,0,Michael,3477,1422,"Los Angeles, CA",5576,None,None,-2,@dlivingstone @CarlaJM @x24sonic @Luvvie @Twitter How many terrorist attacks have happened in Poland the last few years?
8.94E+17,2017/11/15 16:58,[],0,0,Dank Savage Memes,474,78,"Los Angeles, CA",1339,None,None,-2,"@AustineOBrian @washingtonpost Why do u even care if someone is called a terrorist, thug, or mentally ill? It doesn‚Ä?https://t.co/tqUthX1eWg"
308680790,2017/11/15 16:32,[],0,3,earl ramsey,501,656,South central los Angeles ....,12896,"Place(_api=<tweepy.api.API object at 0x000000000DEAF550>, full_name=u'Los Angeles, CA', url=u'https://api.twitter.com/1.1/geo/id/3b77caf94bfc81fe.json', country=u'United States', place_type=u'city', bounding_box=BoundingBox(_api=<tweepy.api.API object at 0x000000000DEAF550>, type=u'Polygon', coordinates=[[[-118.668404, 33.704538], [-118.155409, 33.704538], [-118.155409, 34.337041], [-118.668404, 34.337041]]]), contained_within=[], country_code=u'US', attributes={}, id=u'3b77caf94bfc81fe', name=u'Los Angeles')",None,-1,"Glad to see so many ppl live the ""PERFECT"" life ... I can't relate 
.. I've made plenty mistakes .. especially at a‚Ä?https://t.co/K2En8Fw4XP"
3215256993,2017/11/15 16:17,[],1,12,Kazeem Rahman,34128,55141,"Los Angeles, CA",4996,None,None,-1,Forget a terrorist. I just don't want to have to sit next to this crying baby on this plane.
25836560,2017/11/15 16:11,[],0,0,Steven Entezari,245,550,"Los Angeles, CA",9951,"Place(_api=<tweepy.api.API object at 0x000000000DEAF550>, full_name=u'Los Angeles, CA', url=u'https://api.twitter.com/1.1/geo/id/3b77caf94bfc81fe.json', country=u'United States', place_type=u'city', bounding_box=BoundingBox(_api=<tweepy.api.API object at 0x000000000DEAF550>, type=u'Polygon', coordinates=[[[-118.668404, 33.704538], [-118.155409, 33.704538], [-118.155409, 34.337041], [-118.668404, 34.337041]]]), contained_within=[], country_code=u'US', attributes={}, id=u'3b77caf94bfc81fe', name=u'Los Angeles')",None,-1,"‚ÄúYour dream is like a child ... and when someone binds up your dream, and holds a gun to its head ... it‚Äôs a hostag‚Ä?https://t.co/YXEHh3jc8K"
50050607,2017/11/15 16:06,[],0,0,Howard Hoffenberg,192,200,Los Angeles (Brentwood),1089,None,None,0,Rep Doris Matsui (D-Ca) on Digital Commerce &amp; Consumer Protection Subcommittee asked to sponsor the Brand Encroachm‚Ä?https://t.co/pF1k2wmm3w
50050607,2017/11/15 16:04,[],0,0,Howard Hoffenberg,192,200,Los Angeles (Brentwood),1089,None,None,0,Representative Doris Matsi (D-Ca) asked to sponsor the Brand  Encroachment Terrorist Teaching Extremism Restrained‚Ä?https://t.co/coYWsxTlaL
213833809,2017/11/15 14:51,[],4,4,Patty Shenker,1253,1429,"Los Angeles, Ca. USA",23041,None,None,-1,"I released 2,000 minks from a fur farm. Now I'm a convicted terrorist | Kevin Johnson https://t.co/VC0QR64ta2"
86659367,2017/11/15 14:29,[],4,9,TheDevilisRepublican,5197,5669,"Los Angeles, CA",2769,None,None,-2,Another Republican terrorist with a gun in Tehama County https://t.co/7aMhDqEzLW
774024776,2017/11/15 14:01,[u'Obama'],1,5,Julie Dufour,2051,1126,"Los Angeles, California",13247,None,None,-2,"@RitaPanahi #Obama/ClintonCabal is responsible for emergence of slave trade,arming AQ,ISIS and deaths of American S‚Ä?https://t.co/8gRxkD2BLj"
9.04E+17,2017/11/15 11:08,[],0,0,"China,like hell",11,164,"Los Angeles, CA",563,None,None,-2,"National terrorist raised by CCP. They have full immunity ,license to kill,out of jail card...https://t.co/UAd2pTNmLn"
8.59E+17,2017/11/15 10:37,[],0,0,FairHousingSFV,67,39,"Panorama City, CA",3557,None,None,-1,"'Visa Lottery' Brought in 30,000 People from Terror-Funding Nations Since 2007 https://t.co/7khjuVczQ3"
4387152556,2017/11/15 10:29,[],0,0,(((gator))),186,71,,5283,"Place(_api=<tweepy.api.API object at 0x000000000DEAF550>, full_name=u'Los Angeles, CA', url=u'https://api.twitter.com/1.1/geo/id/3b77caf94bfc81fe.json', country=u'United States', place_type=u'city', bounding_box=BoundingBox(_api=<tweepy.api.API object at 0x000000000DEAF550>, type=u'Polygon', coordinates=[[[-118.668404, 33.704538], [-118.155409, 33.704538], [-118.155409, 34.337041], [-118.668404, 34.337041]]]), contained_within=[], country_code=u'US', attributes={}, id=u'3b77caf94bfc81fe', name=u'Los Angeles')",None,-2,@warriorsworld @deray Undoubtedly the media treats POC perpetrators of violence differently than white ones. But te‚Ä?https://t.co/kk3XGxymUd
2963780327,2017/11/15 9:47,[],0,0,ihateeveryonesodonttalktomeyouuglyasslosers,197,983,"Los Angeles, CA",367,None,None,-1,But yettttttttttttttt they think they can stop the terrorist from coming in by banning all Muslims lmao https://t.co/3jo9HEWKXs
398803539,2017/11/15 8:50,[],0,4,Kelly ritter,2103,308,"Manhattan Beach, California",2910,None,None,-2,"@rezaaslan Since the election, he's had a hard time saying ""California."" Today's mass shooting was in California, T‚Ä?https://t.co/Oy62ZWJizI"
287286991,2017/11/15 8:40,[],0,4,awaken,823,508,los angeles,7957,None,None,-2,@ABC7 Another white terrorist
2964182437,2017/11/15 7:51,[],0,0,Patrick,2,36,"Hawthorne,California",2009,None,None,0,How to Survive an Active Shooter or Terrorist Attack - Animation https://t.co/bPjXxSHiEy via @YouTube
16190062,2017/11/15 6:50,[],0,0,James Sloat,2420,583,Los Angeles,5758,None,None,-2,@drewharris102 @mmpadellan The only reason I have weapons is for Nazi terrorist republicansa
2468733193,2017/11/15 6:49,[],0,0,Eli Cash,140,139,"Los Angeles, CA",3940,None,None,-2,How sick is this person? Linda groups Zionists with white supremacists and praises Louis Farrakhan and terrorist mu‚Ä?https://t.co/TPqZxsqZJi
16190062,2017/11/15 4:36,[],0,0,James Sloat,2420,583,Los Angeles,5758,None,None,-2,"@Jim_Jordan is a fucking Nazi terrorist who, just like his brother @GOP Nazis, waged a very, very bloody civil war.‚Ä?https://t.co/7yi0pyCAVX"
31030518,2017/11/15 3:17,[],0,1,Heather Api,756,216,"Los Angeles, CA",5258,None,None,-2,Getting the NRA is a fucking terrorist organization tattooed on my forehead. May leave out the fucking part.
354456001,2017/11/15 3:10,[],4,13,Lion Hunter Music,1942,579,"Los Angeles, CA",10151,None,None,-2,@JamesGleick @NRA + @GOP triumphs. America now accepts any &amp; all NRA sponsored weapons of mass murder in the hands‚Ä?https://t.co/PCeNAQKj82
26872143,2017/11/15 2:06,[],0,0,@Jack is a Nazi,1064,272,"Los Angeles, CA",37537,None,None,-2,Gerard Butler is lecturing this terrorist about how America will live on no matter what and how terrorists don't un‚Ä?https://t.co/Iae1gmcB0U
114396174,2017/11/15 1:23,[],0,0,Electrowave,682,530,Los Angeles California ,10420,None,None,-2,@FoxNews Who Is The Real Terrorist ? -The U.S. Government's  X  &gt; &gt;&gt; https://t.co/brjgJPD0lt
28915949,2017/11/15 0:40,[],0,0,Roy A. Teel Jr.,1211,937,"Los Angeles, CA",9315,None,None,-2,"WOW I saw this coming in 2013, Hussein Obama the American terrorist President. https://t.co/902YrlH4fr"
870631664,2017/11/15 0:33,[],0,0,Jose Viesca,77,446,"Los Angeles, California",24442,None,None,-2,@AlfredoJalifeR_ This only confirms that the US government is a terrorist organization above international law. EUA is the worldwide ISIS
870631664,2017/11/15 0:30,[],1,0,Jose Viesca,77,446,"Los Angeles, California",24442,None,None,-2,"@AlfredoJalifeR_ EXPLOSIVE: BBC admits US ‚Äúcoalition‚Ä?working with ISIS, providing safe passage to terrorist fighte‚Ä?https://t.co/NGXOk1pwGW"
114396174,2017/11/15 0:26,[],0,0,Electrowave,682,530,Los Angeles California ,10420,None,None,-2,"@FoxNews @SpeakerRyan Stop your terrorist USA activities in Iraq, Syria, Yemen, North Korea. Or suffer the consequences. No more warning."
212568464,2017/11/15 0:15,[],4,6,Charles Marlowe,1282,10560,"Santa Monica, CA",18551,None,None,-2,Read this. Trump Admin says 6 other terrorist immigrants were imported to the US through the ‚Äúdiversity visa‚Ä?progr‚Ä?https://t.co/1Hho8AKS1w
114396174,2017/11/15 0:11,[],0,0,Electrowave,682,530,Los Angeles California ,10420,None,None,-2,@petty1983 @FoxNews Take your own advise USA terrorist. Keep believing in the fake news.
9.04E+17,2017/11/14 23:53,[],0,0,"China,like hell",11,164,"Los Angeles, CA",563,None,None,-2,I d say CCP is the largest terrorist group on the face of the world.
44714333,2017/11/14 23:28,[],0,1,(((merida montero))),5858,5405,"Burbank,ca",124328,None,None,-2,"@AP But White guy not a terrorist. Trump not ""made aware of situation"" and no Trump tweet. This isn't normal America."
288407048,2017/11/14 23:14,[],0,1,manny,2053,1647,LA monster for life!! ,110745,"Place(_api=<tweepy.api.API object at 0x000000000DEAF550>, full_name=u'Los Angeles, CA', url=u'https://api.twitter.com/1.1/geo/id/3b77caf94bfc81fe.json', country=u'United States', place_type=u'city', bounding_box=BoundingBox(_api=<tweepy.api.API object at 0x000000000DEAF550>, type=u'Polygon', coordinates=[[[-118.668404, 33.704538], [-118.155409, 33.704538], [-118.155409, 34.337041], [-118.668404, 34.337041]]]), contained_within=[], country_code=u'US', attributes={}, id=u'3b77caf94bfc81fe', name=u'Los Angeles')",None,-2,@ShealyAllison @CNN says the person supporting a terrorist.
38033555,2017/11/14 23:14,[],0,0,TedTheAtheist,169,517,Los Angeles,6230,None,None,-1,"@RaniaPunk I didn't say YOU were a terrorist in any way. I said that your religion, like others, can &amp; has been use‚Ä?https://t.co/Md2MJkcG4D"
3004665009,2017/11/14 23:13,[u'guncontrolnow'],1,1,Music Mondays,991,938,"Los Angeles, CA",8568,None,None,-2,There were 2 shooters...one dead the other terrorist on the loose! #guncontrolnow https://t.co/Zkk7lgio14
17070113,2017/11/14 23:01,[],7,35,Mayor Eric Garcetti,363,268338,"Los Angeles, CA",15241,None,None,0,Joining experts from around the world at @USC to talk about empowering our communities to protect against violent i‚Ä?https://t.co/IZpnEjIEaz
1733689704,2017/11/14 22:50,[],0,0,Dante J.,262,1108,"Los Angeles, CA",16474,None,None,-2,"@nbcbayarea At this point, who gives a fuck. Nothing is going to be done about it. If he‚Äôs White the same arguments‚Ä?https://t.co/3AyGJXlM0l"
619107295,2017/11/14 22:48,[],1,50,#flyeaglesfly,519,105,"Los Angeles, CA",6667,None,None,-2,@PaigeElizeb Who was radicalized in the United States much like all the white trash supremacists that have killed f‚Ä?https://t.co/mephfjVIvB
7.45E+17,2017/11/14 22:27,[],0,0,Melanie Anne,343,74,"Los Angeles, CA",1145,None,None,-2,@VP Provide federal support? Stop supporting the NRA u terrorist
156494773,2017/11/14 22:10,[],0,0,squeezebox,428,563,"Los Angeles, CA",14039,None,None,-2,@NuudesOverRudes no...men are literally destroying this planet and are terrorist and will call you a bitch if you d‚Ä?https://t.co/pA3l19pJDC
269032683,2017/11/14 21:53,[u'MAGA'],0,0,Jeremiah Schultz,14135,15580,"Los Angeles, CA",20385,None,None,-2,Cuba Awards ‚ÄòOrder of Solidarity‚Ä?to Puerto Rican Terrorist Freed by Obama #MAGA RETWEET &amp; FOLLOW https://t.co/0avBfh9Mar
17920055,2017/11/14 21:48,[],0,0,HWDRepublican,5478,6222,"Hollywood, CA USA",595901,None,None,-2,THR: Cuba Awards ‚ÄòOrder of Solidarity‚Ä?to Puerto Rican Terrorist Freed by Obama https://t.co/NPupG7KOeW (BB)
18653078,2017/11/14 21:26,[],155,763,Timothy Simons,911,83590,"Los Angeles, CA",1735,None,None,-2,The NRA is a terrorist organization.
40104183,2017/11/14 21:03,[],0,0,Sara Kuhns,220,259,Los Angeles,3803,None,None,-2,"Certainly the administration he's a part of can't have slipped his mind. I can't think of any ""black terrorist grou‚Ä?https://t.co/7UEtaA78zs"
333731713,2017/11/14 20:59,[u'NRA'],1,3,oh..THAT david crane,388,360,los angeles,1180,None,None,-2,After another shooting in another school ‚Ä?#NRA does nothing but spread misinformation and cash for political/finan‚Ä?https://t.co/tuJz0tcR2P
3292145020,2017/11/14 20:42,[],2,3,Ira Blacker,4393,4359,"Los Angeles, CA",13414,None,None,-2,"what government pays to a terrorist who would kill us is sick. this is money that could go to vets, homeless, poor‚Ä?https://t.co/MJVnCHh0Rq"
229576116,2017/11/14 20:39,[],0,0,Grant W. Graves,2203,1747,"Santa Monica, CA",63326,None,None,-1,Climate Change and Water Woes Drove ISIS Recruiting in Iraq https://t.co/rqQ0XBqiip
17108386,2017/11/14 20:33,[],0,1,Robert Paulsen,265,318,Los Angeles,11519,None,None,-2,@DrewPaulE @michaelianblack Five dead now.  And the @NRA is a terrorist organization.
3041353053,2017/11/14 20:21,[],0,0,RaineyDay,2924,2448,"Los Angeles, CA",4005,None,None,-1,Is Egyptian didferent language than Iraqi? How do I tell them apart? I don‚Äôt want terrorist lettering on my page or‚Ä?https://t.co/BBKpnrF1LU
44714333,2017/11/14 20:20,[],0,0,(((merida montero))),5858,5405,"Burbank,ca",124328,None,None,-2,This Northern California shooter sprayed a couple of places today and killed kids but has not been called a terrori‚Ä?https://t.co/CVUnqTg0PC
264871538,2017/11/14 20:12,[],1,0,RJ Horvath,2330,1599,"Los Angeles, CA",19930,None,None,-2,"We MUST HAVE GUN CONTROL!!!  Declare the NRA a ""Terrorist Organization!"" https://t.co/8yWnh2o6Fb"
50050607,2017/11/14 19:46,[],0,0,Howard Hoffenberg,192,200,Los Angeles (Brentwood),1089,None,None,0,Rep Peter Welch (Vr) asked to sponsor Brand Encroachment Terrorist Teaching Extremism Restrained Internet Act-BETTE‚Ä?https://t.co/IHXt3TylNq
50050607,2017/11/14 19:45,[],0,0,Howard Hoffenberg,192,200,Los Angeles (Brentwood),1089,None,None,0,Rep Peter Welch (D-NJ) on Digital Commerce Committee asked to sponsor Brand Encroachment Terrorist Teaching Extremi‚Ä?https://t.co/jvP8w2I7zs
40764962,2017/11/14 19:44,[],0,0,johnny b,45,1,"Inglewood, CA",411,None,None,-1,@JohanDoah @blakeburford @FoxNews So by your logic since Vegas is a liberal city a conservative is to blame for it.‚Ä?https://t.co/pKDdsHaesz
50050607,2017/11/14 19:43,[],0,0,Howard Hoffenberg,192,200,Los Angeles (Brentwood),1089,None,None,0,Rep. Peter Welch (Vr) on the Digital Commerce &amp; Consumer Protection  Subcommittee is being asked to sponsor the Bra‚Ä?https://t.co/f0PXiPyLcJ
50050607,2017/11/14 19:42,[],0,0,Howard Hoffenberg,192,200,Los Angeles (Brentwood),1089,None,None,0,Representative Peter Welch (D-Vr) on the Digital Commerce &amp; Consumer  Protection Subcommittee is being asked to spo‚Ä?https://t.co/YLncU5d4yF
50050607,2017/11/14 19:41,[],0,0,Howard Hoffenberg,192,200,Los Angeles (Brentwood),1089,None,None,0,Representative Peter Welch (D-Vr) asked to sponsor the Brand    Encroachment Terrorist Teaching Extremism Restraine‚Ä?https://t.co/jqXVevNdyO
27489148,2017/11/14 19:37,[],0,2,Wilder Shaw,253,978,"Los Angeles, CA",3806,None,None,-2,Hello good morning the @NRA is a terrorist organization and I hope that every one of them gets sacked tap'd every 5‚Ä?https://t.co/zXN5z34bKe
50050607,2017/11/14 19:36,[],0,0,Howard Hoffenberg,192,200,Los Angeles (Brentwood),1089,None,None,-1,Urgent! Write representatives to amend Communications Decency Act to add take down procedure for terrorist content‚Ä?https://t.co/Ca2vLsQEEZ
59791510,2017/11/14 19:31,[],0,0,The Madison Square Gardena,1611,56280,"Los Angeles, CA",196011,None,None,-1,@Diamondsupply_ wow you the terrorist from IG... I gotta block you on here too
17920055,2017/11/14 19:28,[],0,0,HWDRepublican,5478,6222,"Hollywood, CA USA",595901,None,None,-2,"THR: ‚ÄòVisa Lottery‚Ä?Brought in 30,000 People from Terror-Funding Nations Since 2007 https://t.co/HUOKFTG9EK (BB)"
707489852,2017/11/14 19:24,[],0,0,Armina LaManna,472,483,"Glendale, CA",5296,None,None,-2,The @NRA is a terrorist organization! Its leadership and all politicians who have accepted money from them should b‚Ä?https://t.co/P5sZEapJYF
21171010,2017/11/14 19:11,[],0,3,Duane C. Arbanas,2960,1063,"Beverly Hills, CA",56220,None,None,-2,@ABC That's the same town that law enforcement terrorist shot those two dogs.
344888334,2017/11/14 18:49,[],0,0,SongsOfSalome,262,897,"Los Angeles, CA",29154,None,None,-1,Wow these terrorist are getting more horrific each day https://t.co/9nxsMUPajs
7.14E+17,2017/11/14 18:40,[],0,0,Kat Granlund,161,76,Hollywood Hills,564,"Place(_api=<tweepy.api.API object at 0x000000000DEAF550>, full_name=u'Los Angeles, CA', url=u'https://api.twitter.com/1.1/geo/id/3b77caf94bfc81fe.json', country=u'United States', place_type=u'city', bounding_box=BoundingBox(_api=<tweepy.api.API object at 0x000000000DEAF550>, type=u'Polygon', coordinates=[[[-118.668404, 33.704538], [-118.155409, 33.704538], [-118.155409, 34.337041], [-118.668404, 34.337041]]]), contained_within=[], country_code=u'US', attributes={}, id=u'3b77caf94bfc81fe', name=u'Los Angeles')",None,-2,@AnnCoulter So now just ANYBODY who practices Islam is a terrorist? How many times were you dropped on your head as‚Ä?https://t.co/pfvbLXIwTS
716725848,2017/11/14 18:29,[],1,0,Calemeyr,1875,880,"Los Angeles, CA",26935,None,None,-2,"For fuck‚Äôs sake, this country is full of violent crazies. But muh good 7 yr old with a gern!
The NRA is a terrorist‚Ä?https://t.co/ywNGnjiGiW"
2374806588,2017/11/14 18:05,[],0,0,(Cowboys 5-4),198,250,"Los Angeles, CA",2606,None,None,-2,Maybe it's because the US is ran by white people and always been ran by white people and you wouldn't want a white‚Ä?https://t.co/9RrDNYhmhf
2374806588,2017/11/14 18:00,[],0,1,(Cowboys 5-4),198,250,"Los Angeles, CA",2606,None,None,-2,"They shot up Elementary Schools, Movie Theaters, Country Music Concerts, Even A Church for crying out loud (juss to‚Ä?https://t.co/wz9zJl3TC6"
21918727,2017/11/14 17:57,[],1,1,Christian La Mont,1961,1152,"Los Angeles, CA",19355,None,None,-2,"@tedlieu Could you ask him about Black Lives Matter again if you get the chance? Also, why can't he recall anything‚Ä?https://t.co/CqCyScS75j"
2374806588,2017/11/14 17:54,[],0,0,(Cowboys 5-4),198,250,"Los Angeles, CA",2606,None,None,-2,Which means they are the face of terrorism correct ? ..... why when we hear the word Terrorist we don't think of white people ü§î
2374806588,2017/11/14 17:53,[],0,0,(Cowboys 5-4),198,250,"Los Angeles, CA",2606,None,None,-2,"So when you hear or think of the word Terrorist you think of what ? ISIS, Muslims, Arabians, etc ..."
2519580234,2017/11/14 17:46,[],0,0,Climate Change 911,4406,4870,"Los Angeles, CA",6276,None,None,0,Climate Change and Water Woes Drove ISIS Recruiting in Iraq https://t.co/LEPEa942qj
111698275,2017/11/14 17:26,[],0,0,Caryn Ruby,1196,1205,"LA, CA ",23131,None,None,-2,The @GOP is a terrorist organization. https://t.co/74G9MOjPEX
8.26E+17,2017/11/14 14:32,[],1,2,WhiteHouseWacko,4985,3011,"Los Angeles, Ca",21443,None,None,-2,"Brilliant!  If terrorist in Las Vegas had thrown knives from 22nd floor, would he have been able 2 kill 60 people &amp;‚Ä?https://t.co/qhs7H5aRHl"
9.23E+17,2017/11/14 14:27,[],0,0,Andrew Michael M,121,15,"Los Angeles, CA",101,None,None,-2,Why did Donald Trump have what looked like a friendly meet up with mass murderer and terrorist Rodrigo Duterte‚ÅâÔ∏è‚Ä?https://t.co/xWZBhVNlcQ
7.49E+17,2017/11/14 14:20,[u'Ethiopia'],0,0,Dawit Kidanework,416,1632,"Los Angeles, CA",9974,None,None,-2,#Ethiopia: Minority regime should be sanctioned for its dirty role in Somalia. Using the terrorist group as a... https://t.co/CoKQ1WsKi5
7.49E+17,2017/11/14 14:20,[u'Ethiopia'],0,0,Dawit Kidanework,416,1632,"Los Angeles, CA",9974,None,None,-2,#Ethiopia: Minority regime should be sanctioned for its dirty role in Somalia. Using the terrorist group as a sourc‚Ä?https://t.co/gVV2FWMHUc
11462742,2017/11/14 13:54,[],0,1,BOB,4359,2263,LONDON AND LA,166938,None,None,-1,"@Litzz11 @techweenie He is anti-government and that motivated his action, but I wonder if he is a terrorist?"
16178624,2017/11/14 13:18,[],0,2,Aviator_Guy,167,230,Los Angeles,5703,None,None,0,@CBSNews Anonymous source claims law suit is coming to the big three auto makers who make trucks used in terrorist acts as well...
2459784158,2017/11/14 11:48,[],0,0,Alaturka Gazetesi,10,2911,"Beverly Hills, CA",182125,None,None,-1,Wanted PKK terrorist killed in southeastern¬†Turkey https://t.co/K9bDSmvEnq
774024776,2017/11/14 11:37,[],0,1,Julie Dufour,2051,1126,"Los Angeles, California",13247,None,None,-1,Prosecute his attacker as a domestic terrorist-attempted  assassination Federal Official. 6 broken ribs and pleuris‚Ä?https://t.co/00aUY90a4K
49240918,2017/11/14 11:03,[],0,1,Dumb Luck Nick,638,1299,"Los Angeles, CA",11295,None,None,-1,@WayneNickels Not a great idea for you to tweet your address and the fact you admire a right wing terrorist group a‚Ä?https://t.co/flq42sAPfj
725906989,2017/11/14 8:02,[],0,1,Marvin B Street,7296,7914,Hollywood California,8440,None,None,-2,"@RT_com @MMHorse Arrest them All ! They are the terrorist ! I‚Äôm still mad that Obama dropped Over 50,000 bombs in t‚Ä?https://t.co/ijWUZdhU6m"
1409535590,2017/11/14 7:51,[],0,0,benton lee,1247,900,los angeles,124109,None,None,-2,"'Visa Lottery' Brought in 30,000 People from Terror-Funding Nations Since 2007 - Breitbart https://t.co/NY2wrzUuO5"
223930293,2017/11/14 7:02,[],0,0,dancerette,2426,1407,los angeles,33189,None,None,-2,Another Innocent Moderate Muslim Terrorist! https://t.co/YKQsKXjhJr
3254866206,2017/11/14 6:31,[],1,2,Tony,1762,1777,"Los Angeles, CA",75532,None,None,-2,"@realDonaldTrump @WhiteHouse Hey fake-President, colluding with Putin to attack our country's sovereignty is TREASO‚Ä?https://t.co/U90KLnkPTd"
8.24E+17,2017/11/14 5:52,[],0,0,Khalev Ramirez,670,59,"Los Angeles, CA",464,None,None,-2,You wanna learn about my story? Just remember the words. Trump +Terrorist = Texas @lovehashtagging
8.24E+17,2017/11/14 4:57,[],0,0,Khalev Ramirez,670,59,"Los Angeles, CA",464,None,None,-1,"TXBar will have a dilemma: investigate the terrorist builder or, just look the other way. ""No harm done, they make real money for the state"""
8.24E+17,2017/11/14 4:54,[],0,0,Khalev Ramirez,670,59,"Los Angeles, CA",464,None,None,-2,Another Viral headline to promote my upcoming video announcing my civil case. Trump+terrorist=FBI to Dallas Builder @soontobedisbarred
17920055,2017/11/14 4:23,[],0,0,HWDRepublican,5478,6222,"Hollywood, CA USA",595901,None,None,-2,"THR: ‚ÄòVisa Lottery‚Ä?Brought in 30,000 People from Terror-Funding Nations Since 2007 https://t.co/HUOKFTG9EK (BB)"
8.63E+17,2017/11/14 4:22,[],0,0,LonzoLA87,1781,212,"Los Angeles, CA",118,None,None,-1,@cricketcrocker false. plenty of video proof of antifa heavily assaulting people. In New Jersey i believe they have‚Ä?https://t.co/GGxMIoXV6B
234763910,2017/11/14 1:56,[],0,0,Lexa Vonn,953,1082,"Los Angeles, CA",22647,None,None,-1,"As 4 the terrorist threat of mass suicide I received, girls close to the band have been killing themselves long bef‚Ä?https://t.co/unpFdat2B8"
878698734,2017/11/14 1:41,[],0,0,Simon Ordever (ACMA),540,202,"Los Angeles, CA",3032,None,None,0,@BrightonBDS @GlobesEnglish American citizens should be free to travel wherever and whenever (As  long as they  are‚Ä?https://t.co/Myj0yRGpUc
14194635,2017/11/14 0:16,[],0,0,SeriouslyOMGWTF,2669,4374,"Toluca Lake, Ca",57070,None,None,-2,"The temples in my hometown have been threatened several times with terrorist attacks over the decades, but people d‚Ä?https://t.co/lnbgjMz2gY"
24462294,2017/11/13 23:42,[],0,0,J. B.,84,27,"Los Angeles, CA",2253,None,None,-1,@FoxNews @brookefoxnews Where did the terrorist from Las Vegas shooting got his visa.
9.30E+17,2017/11/13 22:53,[],0,0,Michael Keith,60,1,"Los Angeles, CA",126,None,None,-1,"@jfortenbaugh @TonyOrtega94 @MikeRinder Tell me, how would Scientology profit from labeling OSA a terrorist organization?"
9.30E+17,2017/11/13 22:25,[],0,0,Michael Keith,60,1,"Los Angeles, CA",126,None,None,-1,@hpjes15 @TonyOrtega94 First question. Can OSA be considered a terrorist organization because of ‚ÄúFair Game.‚Ä?Zero answer from @TonyOrtega94
269032683,2017/11/13 22:18,[],5,5,Jeremiah Schultz,14135,15580,"Los Angeles, CA",20385,None,None,-2,"Muslims are about 1% of the population and committed about 60 terrorist attacks.

""Evil white people"" are 63% of th‚Ä?https://t.co/fMrkxHdbk7"
269032683,2017/11/13 22:18,[],6,9,Jeremiah Schultz,14135,15580,"Los Angeles, CA",20385,None,None,-2,"@RealJamesWoods @aqv21 Muslims are about 1% of the population and committed about 60 terrorist attacks.

""Evil whit‚Ä?https://t.co/kif0ZPfZEm"
269032683,2017/11/13 22:16,[],14,29,Jeremiah Schultz,14135,15580,"Los Angeles, CA",20385,None,None,-2,Sorry pumpkin. Muslims make up 1% of the population and committed HALF the terrorist attacks in the USA. Once they‚Ä?https://t.co/0BNknsxulM
623497101,2017/11/13 21:52,"[u'CivilRights', u'CleanWater']",1,6,Pamela J. Peters,972,2034,Los Angeles,15345,None,None,-2,"Why does fighting for #CivilRights becomes Anti-Patriotic? 
Why does fighting for #CleanWater becomes Terrorist Act‚Ä?https://t.co/KAy2aNHkvk"
7.63E+17,2017/11/13 19:11,[],0,0,Zesty Lifestyle,613,1087,"Los Angeles, CA",26957,None,None,0,Could self-driving cars stop terrorist attacks? https://t.co/a9ABUckayc https://t.co/O1LrYwDjSZ
17920055,2017/11/13 18:28,[],0,0,HWDRepublican,5478,6222,"Hollywood, CA USA",595901,None,None,-1,THR: Bannon on Refusing Lunch with Palestinian President: ‚ÄòI Didn‚Äôt Want to Breathe the Same Air as a Terrorist‚Ä?https://t.co/jt2VMeMMs0 (‚Ä?
8.58E+17,2017/11/13 18:05,[u'Connect'],4,5,Breaking News,6175,52991,"Los Angeles, CA",51087,"Place(_api=<tweepy.api.API object at 0x000000000DEAF550>, full_name=u'Los Angeles, CA', url=u'https://api.twitter.com/1.1/geo/id/3b77caf94bfc81fe.json', country=u'United States', place_type=u'city', bounding_box=BoundingBox(_api=<tweepy.api.API object at 0x000000000DEAF550>, type=u'Polygon', coordinates=[[[-118.668404, 33.704538], [-118.155409, 33.704538], [-118.155409, 34.337041], [-118.668404, 34.337041]]]), contained_within=[], country_code=u'US', attributes={}, id=u'3b77caf94bfc81fe', name=u'Los Angeles')",None,-2,"#Connect The Dots:

‚ö´Muslim Brotherhood is a terrorist organization

‚ö´CAIR is a Muslim Brotherhood front group

‚ö´Li‚Ä?https://t.co/bxwYI2pgUD"
2459784158,2017/11/13 17:42,[],0,0,Alaturka Gazetesi,10,2911,"Beverly Hills, CA",182125,None,None,0,EU removes Colombia‚Äôs FARC from terrorist groups¬†list https://t.co/GD9J8N144O
3180853153,2017/11/13 16:54,[u'cars'],0,0,Monique Hill,2978,7851,"Los Angeles, CA",39470,None,None,0,Could self-driving cars stop terrorist attacks? https://t.co/AiA1RQ9Xmr #cars https://t.co/3q3THhYCCw
50050607,2017/11/13 16:47,[],0,0,Howard Hoffenberg,192,200,Los Angeles (Brentwood),1089,None,None,0,Rep Frank Pallone asked to sponsor Brand Encroachment Terrorist Teaching  Extremism Restrained Internet Act-BETTER‚Ä?https://t.co/KSfOGbpmks
223930293,2017/11/13 16:46,[],1,1,dancerette,2426,1407,los angeles,33189,None,None,-2,@AMDWaters has been the best choice for years but you're right the media have been bought and sold by Muslims to ke‚Ä?https://t.co/0Y6NOhch14
50050607,2017/11/13 16:46,[],0,0,Howard Hoffenberg,192,200,Los Angeles (Brentwood),1089,None,None,0,Rep Frank Pallone (NJ) on Digital Commerce Committee asked to sponsor Brand Encroachment Terrorist Teaching Extremi‚Ä?https://t.co/MZHPWc2Azi
50050607,2017/11/13 16:36,[],0,0,Howard Hoffenberg,192,200,Los Angeles (Brentwood),1089,None,None,-1,Urgent! Write representatives to amend Communications Decency Act to add take down procedure for terrorist content‚Ä?https://t.co/uad6yIi4xN
3292145020,2017/11/13 16:34,[],1,2,Ira Blacker,4393,4359,"Los Angeles, CA",13414,None,None,-1,"UK CELEBRATES ""LET'S HELP A TERRORIST WEEK"" https://t.co/Mb09haV5sM"
42278971,2017/11/13 16:10,[],0,0,Mary Woo,462,193,"Hollywood, CA",4690,None,None,-2,"@pnehlen Then you are as craven and evil as he is!
Go ahead, replace Paul Ryan, it doesn't matter, the @GOP is a te‚Ä?https://t.co/EhDjUx7dUf"
30620819,2017/11/13 15:48,[],0,0,Ramel Henderson,166,257,"Los Angeles, United States",7347,None,None,-1,I'm more likely to get shot by a cop or a hate filled white man than a terrorist bombing my car‚Ä?https://t.co/vcMoLLdmRW
774024776,2017/11/13 15:30,"[u'Benghazi', u'Bergdahl', u'murderedSEALS']",0,0,Julie Dufour,2051,1126,"Los Angeles, California",13247,None,None,-1,"Political Hacks Brennan and Clapper are responsible for  #Benghazi,#Bergdahl #murderedSEALS,support for terrorist M‚Ä?https://t.co/Kz44nbc6QI"
117256339,2017/11/13 14:27,[],0,0,Dr. John B. Charnay,4997,1904,Los Angeles,31826,None,None,0,Car Technology for Stopping Terrorist Attacks by Drivers Already Exist - Newsweek  https://t.co/IYY9nCPBPs
14581497,2017/11/13 12:31,[],0,0,Iron Eagle Mike,3445,7987,"Los Angeles, CA",30689,None,None,-2,"What Happened On This Day ‚Ä?November 13:

2015 Terrorist attacks in Paris
A series of coordinated terrorist... https://t.co/Tc0sau6yk0"
578452611,2017/11/13 12:24,[],0,0,Carl Nelson,1929,1971,"Los Angeles, CA",50091,None,None,-1,Black Lives Matter Founder: They Called Me a Terrorist https://t.co/V94mNfKzli
578452611,2017/11/13 12:24,[],0,0,Carl Nelson,1929,1971,"Los Angeles, CA",50091,None,None,-1,Black Lives Matter Founder: They Called Me a Terrorist https://t.co/l9dVDoL5xA
325627646,2017/11/13 10:35,[],0,0,2LoveNotH8,543,684,"Los Angeles, CA",65485,None,None,-1,Black Lives Matter Founder: They Called Me a Terrorist https://t.co/sWgNXtC51C https://t.co/tMXeVZaNrv
4840456839,2017/11/13 6:54,[],0,0,Rondo Nelli,366,397,,33312,"Place(_api=<tweepy.api.API object at 0x000000000DEAF550>, full_name=u'Moorpark, CA', url=u'https://api.twitter.com/1.1/geo/id/d33ae8dc83295778.json', country=u'United States', place_type=u'city', bounding_box=BoundingBox(_api=<tweepy.api.API object at 0x000000000DEAF550>, type=u'Polygon', coordinates=[[[-118.932832, 34.257033], [-118.820164, 34.257033], [-118.820164, 34.309133], [-118.932832, 34.309133]]]), contained_within=[], country_code=u'US', attributes={}, id=u'd33ae8dc83295778', name=u'Moorpark')",None,-2,Another TERRORIST ATTACK!!! https://t.co/FBZ8C8Ur9Z
7.02E+17,2017/11/13 5:46,[],3,51,Form of Therapy,160,5680,"Los Angeles, CA",16873,None,None,-2,I hate that when a famous place/landmark or a city is trending on Twitter I reflex assume there's either a big cele‚Ä?https://t.co/x1MoOnvBMb
223930293,2017/11/13 3:20,[u'CAIR'],3,1,dancerette,2426,1407,los angeles,33189,None,None,-2,@CAIRNational #CAIR A TERRORIST GROUP THATS GETTING TAX PAYERS MONEY YES!!!! A TERRORIST GROUP @realDonaldTrump‚Ä?https://t.co/yeSMR49ufU
64121026,2017/11/13 1:23,[],0,0,Paul Adams,113,181,"Santa Monica, CA",6022,None,None,-2,@seanhannity why is Twitter giving a violent terrorist group a forum? https://t.co/LDO5tBunGc
597839654,2017/11/13 0:07,[],0,0,BlackAdam,138,103,Staples Center ,5836,None,None,-2,"""What about... Oh, it is Chicago"" just a white terrorist... üòÇüòÇ https://t.co/y8V9IsJZRL"
267932214,2017/11/12 23:40,[],0,0,Fay McFly,835,867,Los Angeles,50229,None,None,-1,"Last night was unforgettable for all the wrong reasons. Prejudice, white privilege and fear lead to conflict that w‚Ä?https://t.co/R90AMhmeD5"
316184651,2017/11/12 23:09,[],0,0,Kashius Kay,1504,819,"Los Angeles, CA",4988,None,None,0,Bout time! Now let's handle everyone else the rest of these domestic terrorist accordingly. https://t.co/xaV2qaJsq4
2430844873,2017/11/12 23:01,[],0,0,Grizzly Bear,101,35,"Los Angeles, CA",2411,None,None,0,Poland's Nationalist march makes sense when you realize that theyre the only country in the EU with strict immigrat‚Ä?https://t.co/edAtLVch7c
223930293,2017/11/12 22:52,[],0,1,dancerette,2426,1407,los angeles,33189,None,None,0,Because He's A Terrorist And To Think He's Scamming The U.S. Tax Payers For Charter Schools That Are Dumbing Down U‚Ä?https://t.co/F0XBSdqclB
3939896953,2017/11/12 22:22,[],1,0,Dez Melendez,5001,2591,"Moorpark, CA",2783,None,None,-1,@politicalHEDGE I thought Pakistan were behind terrorist attacks!!
35813556,2017/11/12 22:12,[],1,1,Aphorist,1864,1146,Los Angeles,116235,None,None,0,Antifa: Founded as a Jewish Terrorist Group Fighting Whites https://t.co/XOUxXIUOXs
3292145020,2017/11/12 21:48,[],0,0,Ira Blacker,4393,4359,"Los Angeles, CA",13414,None,None,-2,@DeviousPrez I AM GLAD THAT THIS NARCO TERRORIST BITCH IS PASSING US BY. LESS OF US WILL DIE OF OD'S
223930293,2017/11/12 21:35,[u'BlackLivesMatters'],0,0,dancerette,2426,1407,los angeles,33189,None,None,-2,@DZisaak You Do Know #BlackLivesMatters have been designated a terrorist group right! The truth hurts! Blocking you terrorist.
1192826641,2017/11/12 20:45,[],0,0,Positive Man,65,46,"Hollywood, CA",3888,None,None,0,YouTube finally blocks a known terrorist propagandist from its site https://t.co/K6kJPPrDBs
325627646,2017/11/12 20:45,[],2,1,2LoveNotH8,543,684,"Los Angeles, CA",65485,None,None,0,YouTube finally blocks a known terrorist propagandist from its site https://t.co/8uxjkb8XKy https://t.co/LNHRxBcE0Q
206363288,2017/11/12 20:43,[u'Marawi'],0,0,John Sullivan,3245,2260,Los Angeles,149352,None,None,0,@inquirerdotnet Troops reach last strongholds of terrorists in Marawi https://t.co/mayrKYOMbu #Marawi
206363288,2017/11/12 20:39,[],0,0,John Sullivan,3245,2260,Los Angeles,149352,None,None,0,@inquirerdotnet Troops reach last strongholds of terrorists in Marawi https://t.co/mayrKYOMbu
49258789,2017/11/12 20:29,[],0,1,Redeemed Diana,632,1578,Los Angeles,32923,None,None,-2,"No, You'd rather follow a leader who allows you to be killed like a dog in the middle of a terrorist attack while w‚Ä?https://t.co/BbT7F9CkYa"
17825891,2017/11/12 20:05,[],2,0,L.A. Times Opinion,2156,15671,"Los Angeles, CA",28377,None,None,-1,It‚Äôs no wonder we‚Äôre having a tough time fighting terrorists when there‚Äôs still so much confusion over who they are. https://t.co/QYcu7ZJYrE
139948121,2017/11/12 18:19,[],0,1,Jessica Harrison,164,70,"Burbank , CA",309,None,None,-2,@realDonaldTrump you are a fucking child who's more a threat to our safety than any terrorist alive. PLEASE STOP TWEETING!!!!!!!!!!!!!!!!!!!
3237425269,2017/11/12 17:11,"[u'terror', u'terrorist']",1,4,LosAngeles PeoplesMe,4759,5254,"Los Angeles, CA",10147,None,None,-1,"""State #terror and the responsibility it has for some of the brutalisation and rage directly fuelling #terrorist at‚Ä?https://t.co/TGyobatNln"
2971229502,2017/11/12 16:49,"[u'terror', u'terrorist']",0,4,DTLA PeoplesMedia,5017,5003,Los Angeles,10913,None,None,-1,"""State #terror and the responsibility it has for some of the brutalisation and rage directly fuelling #terrorist at‚Ä?https://t.co/z62IwuenBZ"
50050607,2017/11/12 16:44,[],0,0,Howard Hoffenberg,192,200,Los Angeles (Brentwood),1089,None,None,0,Proposed: Brand Encroachment Terrorist Teaching Extremism Restrained Internet Act-BETTER Internet Act. Amends *Comm‚Ä?https://t.co/46IhhlV7th
50050607,2017/11/12 16:42,[],0,0,Howard Hoffenberg,192,200,Los Angeles (Brentwood),1089,None,None,0,Proposed Brand Encroachment Terrorist Teaching Extremism Restrained Internet Act-BETTER Internet Act. Amends *TM Ac‚Ä?https://t.co/Dblusvv4Hi
50050607,2017/11/12 16:32,[],0,0,Howard Hoffenberg,192,200,Los Angeles (Brentwood),1089,None,None,0,Proposed Brand Encroachment Terrorist Teaching Extremism Restrained Internet Act-BETTER Internet Act. Amends *TM Ac‚Ä?https://t.co/xJzAfdfet8
50050607,2017/11/12 16:26,[],0,0,Howard Hoffenberg,192,200,Los Angeles (Brentwood),1089,None,None,0,Proposed Brand Encroachment Terrorist Teaching  Extremism Restrained Internet Act-BETTER Internet Act. Amends Trade‚Ä?https://t.co/IitdnDVnhm
50050607,2017/11/12 16:25,[],0,0,Howard Hoffenberg,192,200,Los Angeles (Brentwood),1089,None,None,0,Rep Joe Kennedy asked to sponsor Brand Encroachment Terrorist Teaching Extremism Restrained Internet Act-BETTER Int‚Ä?https://t.co/9lxOqgdgo8
50050607,2017/11/12 16:21,[],0,0,Howard Hoffenberg,192,200,Los Angeles (Brentwood),1089,None,None,0,Rep. Joe Kennedy (Ma) on Digital Commerce Committee asked to sponsor Brand Encroachment Terrorist Teaching Extremis‚Ä?https://t.co/jk2JUNr5cV
50050607,2017/11/12 16:15,[],0,0,Howard Hoffenberg,192,200,Los Angeles (Brentwood),1089,None,None,0,Rep. Joe Kennedy (D-Ma) on the Digital Commerce &amp; Consumer Protection Subcommittee is being asked to sponsor the Br‚Ä?https://t.co/P8YbaSEkkk
50050607,2017/11/12 16:11,[],0,0,Howard Hoffenberg,192,200,Los Angeles (Brentwood),1089,None,None,0,Representative Joe Kennedy (III) (D-Ma) on the Digital Commerce &amp; Consumer Protection Subcommittee is being asked t‚Ä?https://t.co/ylT95yH9X8
50050607,2017/11/12 16:07,[],0,0,Howard Hoffenberg,192,200,Los Angeles (Brentwood),1089,None,None,0,Representative Joe Kennedy (III) (D-Ma) asked to sponsor the Brand  Encroachment Terrorist Teaching Extremism Restr‚Ä?https://t.co/X8hdulGyHg
2238059208,2017/11/12 15:48,"[u'terror', u'terrorist']",3,4,LA Peoples Media,13033,16799,"Los Angeles, CA",42654,None,None,-1,"""State #terror and the responsibility it has for some of the brutalisation and rage directly fuelling #terrorist at‚Ä?https://t.co/DSTPpzNTq0"
16359233,2017/11/12 15:28,"[u'terror', u'terrorist']",2,1,PMbeers,18601,22650,Los Angeles,52047,None,None,-1,"""State #terror and the responsibility it has for some of the brutalisation and rage directly fuelling #terrorist at‚Ä?https://t.co/Vg5fiFq701"
8.90E+17,2017/11/8 4:00,[],0,0,Sandra Mckinney,37,10,"Marina del Rey, CA",462,None,None,-2,@deray Donald Trump has a problem calling white mass murderers Terrorist ..mental illness my ass
8.90E+17,2017/11/8 3:59,[],0,0,Sandra Mckinney,37,10,"Marina del Rey, CA",462,None,None,-2,@deray Exactly what do you stand for beside given a pass two white mass murders as mental illness and not Terrorist‚Ä?https://t.co/mnnPEHByeb
7.63E+17,2017/11/8 3:48,[],2,7,DieHardMinute,53,75,"Los Angeles, CA",39,None,None,-1,"Is this a terrorist caper, or Operation Runway? Rick and Julia from @MadMaxMinute talk suits. 

https://t.co/2F1qUd4Po7"
7.13E+17,2017/11/8 3:24,[],1,3,Zesty Miley News,864,2225,"Los Angeles, CA",3042,None,None,-2,Texas Shooting ‚Äòterrorist act conducted by white American man‚Ä? Miley Cyrus https://t.co/tQbgccYR2X https://t.co/exI9A4v7aL
19886234,2017/11/8 3:08,[],0,0,Jackie,64,35,Los Angeles,1010,None,None,-1,@RealJamesWoods A new muslim terrorist target. The French can be so foolish!
3919639454,2017/11/8 2:34,[],1,1,Hi,185,177,"California, USA",1897,None,None,-2,@HananyaNaftali The stupidity and ignorance @glamourmag thinking this vile terrorist even knows what it is to be a‚Ä?https://t.co/hjHPUaxqp6
93046845,2017/11/8 1:44,[],1,0,Keith Andreen,624,2324,Los Angeles,25849,None,None,-1,"@SXSWUTLOL @seanmdav They're NOT responsible gun owners if they're against State reporting to fed, bump stock bans,‚Ä?https://t.co/9ZuxgWgKFi"
9.13E+17,2017/11/8 0:36,[],0,0,Murdoch Johansen,128,25,"Los Angeles, Ca",503,None,None,0,"@CREDOMobile @RepTedLieu @tedlieu Where were you during News York‚Äôs terrorist attack, oh, that‚Äôs right, still licki‚Ä?https://t.co/bu4TdL3fWg"
7.57E+17,2017/11/8 0:33,[],2,2,Nick Rogers,223,108,"Los Angeles, CA",1188,None,None,-2,"@RogKenn12 Agree to disagree. CIA is, and has been, the greatest terrorist organization on the planet since its inception."
390313722,2017/11/8 0:19,[],0,0,#73_Slapstick,244,189,Los Angeles,1258,None,None,-1,"@thehill Please explain
Praying may help U feel better as U take ur NRA blood $
If the shooter was of Arab decent U‚Ä?https://t.co/iOb3cuNZNq"
4495494869,2017/11/8 0:02,[],0,0,alitabai,343,217,"Los Angeles, CA",526,None,None,0,@SenKamalaHarris How about terrorist attacks?
394342473,2017/11/7 23:57,[],0,2,coco konski,781,11749,"West Hollywood, CA",209692,None,None,-1,"If the NRA empowers terrorists, does that make it a terrorist org by association?"
1063364443,2017/11/7 23:34,[],0,0,kim malone,361,35,West L.A.,42,None,None,-2,@realDonaldTrump In the simple language you use maybe you can understand...You're weak on gun control and white ter‚Ä?https://t.co/gAgQuULxpz
853733486,2017/11/7 23:23,[],5,35,I fell down and hurt my ass,434,736,"Los Angeles, CA",14980,None,None,0,"During the making of the 2002 Dana Carvey film The Master Of Disguise, the scene at the Turtle Club happened to be‚Ä?https://t.co/7TVYX8p1qd"
25526853,2017/11/7 23:12,[],2,9,Elisha,655,11161,Los Angeles,44733,None,None,0,Does anyone else wonder why Liam is with her? https://t.co/ZhlZ4mMMWW
339852137,2017/11/7 23:11,[],1,10,Janice Hahn,1790,14250,"San Pedro, CA",4893,"Place(_api=<tweepy.api.API object at 0x000000000DEAF550>, full_name=u'Los Angeles, CA', url=u'https://api.twitter.com/1.1/geo/id/3b77caf94bfc81fe.json', country=u'United States', place_type=u'city', bounding_box=BoundingBox(_api=<tweepy.api.API object at 0x000000000DEAF550>, type=u'Polygon', coordinates=[[[-118.668404, 33.704538], [-118.155409, 33.704538], [-118.155409, 34.337041], [-118.668404, 34.337041]]]), contained_within=[], country_code=u'US', attributes={}, id=u'3b77caf94bfc81fe', name=u'Los Angeles')",None,-2,"In light of last week's terrorist attack in NY, it's more important than ever to protect our bikeways.‚Ä?https://t.co/NClGbr9c88"
8.34E+17,2017/11/7 22:31,[],0,0,STFU Hollywood,480,108,"West Hollywood, CA",4899,None,None,-2,Miley Cyrus Screams About TX Shooting Being Terrorism By a White Man https://t.co/3khYjnEr4g #ü§êüé•
48661364,2017/11/7 22:21,[],0,0,Miriam Jablon,2942,1360,"Los Angeles, CA",41032,None,None,-2,@shannonrwatts @NRA Quit patting yourself on the back.  26 people are DEAD!  Concentrate on them.  The NRA is a terrorist organization.
8.89E+17,2017/11/7 21:53,[],0,0,TMZMETS,403,279,"Hollywood, Los Angeles",12901,None,None,-2,"The FAA is a terrorist organization! 

Am I doing this right Libtards?"
7.13E+17,2017/11/7 21:40,[u'AccurateMovieSummaries'],0,6,James Creviston,2699,2764,"Los Angeles, CA",11312,None,None,0,Husband kills terrorist during wife's holiday party in effort to win her back. #AccurateMovieSummaries
619913,2017/11/7 21:21,[],0,0,Lissa Coffey,596,10001,"Los Angeles, CA",27924,None,None,-1,THIS is what a terrorist looks like: https://t.co/PaphK13wKI
51576246,2017/11/7 21:13,[],0,0,Dan Koosh,4412,165263,Los Angeles,2477,None,None,-1,Via @euronews: Terrorist attack in French city of Nice thwarted? https://t.co/PyObyZUraq https://t.co/Zf537eFErj
237102183,2017/11/7 21:07,[],0,0,Mouhamadou Hassan X,435,792,"Los Angeles, USA",7137,None,None,-2,MAY GOD BLESS THE 26 VICTIMS WHO WERE COWARDLY KILLED BY THIS TERRORIST SACK OF SHIT AND MAY‚Ä?https://t.co/SMrCTd51bs
2817955130,2017/11/7 20:45,[],0,0,Dmitry Zotman,169,57,"Los Angeles, CA",1034,None,None,-2,"Why are the headlines never ""Lack of empathy and critical thinking education lead terrorist to commit heinous act of violence?"""
15067424,2017/11/7 20:17,[],2,1,pizzmoe #TakeAKnee,7511,6835,Los Angeles via NYC via Philly,119623,"Place(_api=<tweepy.api.API object at 0x000000000DEAF550>, full_name=u'Los Angeles, CA', url=u'https://api.twitter.com/1.1/geo/id/3b77caf94bfc81fe.json', country=u'United States', place_type=u'city', bounding_box=BoundingBox(_api=<tweepy.api.API object at 0x000000000DEAF550>, type=u'Polygon', coordinates=[[[-118.668404, 33.704538], [-118.155409, 33.704538], [-118.155409, 34.337041], [-118.668404, 34.337041]]]), contained_within=[], country_code=u'US', attributes={}, id=u'3b77caf94bfc81fe', name=u'Los Angeles')",None,-2,"Muslim-""This is a terrorist situation!""
White guy-""This is not a gun situation!"""
3265462410,2017/11/7 20:10,[],0,0,Anika Malone,751,384,Los Angeles,32328,None,None,-2,Probably because they stopped looking at white terrorist while deeming black people who want to live as 'black iden‚Ä?https://t.co/KK8d8eteA4
78511148,2017/11/7 20:07,[],0,0,Jesse Sandoval,177,15417,"Los Angeles, CA",2736,None,None,-1,Via @euronews: Terrorist attack in French city of Nice thwarted? https://t.co/MTtCz0xGap
773914556,2017/11/7 20:01,[],0,0,shelley blohm,22,40,Hollywood CA,197,None,None,-2,"A murderer, terrorist plans it out! Mental illness is real don‚Äôt dare lump Trump or killers in same category! Ever!"
203774042,2017/11/7 19:49,[],0,0,Donna Peacher-Hall,317,136,Los Angeles,7333,None,None,-2,"@BetteMidler @NBCNews Because he wants to erase Obama‚Äôs name from the books. Oh yeah, and all white mass murderers‚Ä?https://t.co/kCZ0D0wcqi"
331526337,2017/11/7 19:13,[u'AccurateMovieSummaries'],0,2,Leon Hollywood,59,136,"Hollywood, Los Angeles",206,None,None,-2,"crazy man blows up own house, beats up self and recruits a terrorist club which they do not talk about #AccurateMovieSummaries"
1733689704,2017/11/7 19:06,[],0,0,Dante J.,262,1108,"Los Angeles, CA",16474,None,None,-2,"@bsdunix44 Yet if a Muslim did the same thing, he's a terrorist, not ""mentally ill""? Right junior?"
68297205,2017/11/7 19:04,[],1,1,redskye72,197,251,Los Angeles,31751,None,None,-2,"@Independent If it‚Äôs another white guy with a gun, he‚Äôll get a pass. But if he isn‚Äôt: terrorist, thug, antifa, lib,‚Ä?https://t.co/MjbQWpTV97"
14706228,2017/11/7 18:59,[],0,0,Ike Krieger,220,218,Northridge California,10751,None,None,-1,"How depressed do you have to be to become a terrorist of any kind? 
That sounds like  the mother of all mental health issues."
75103953,2017/11/7 18:49,[],0,0,Russell C,273,169,Los Angeles,8674,None,None,-2,Now can we call TX shooter a terrorist since he threatened that he wanted attack his military superiors with a gun? The system needs fixed.
3265462410,2017/11/7 18:48,[],0,0,Anika Malone,751,384,Los Angeles,32328,None,None,-1,"Now that I think about it, it's also very similar to 2 different terrorist attacks Chinatown to both Mexican &amp; Chinese immigrants."
1612067526,2017/11/7 18:48,[],47,107,Bryan Behar,32542,41428,"Los Angeles, CA",30564,"Place(_api=<tweepy.api.API object at 0x000000000DEAF550>, full_name=u'Los Angeles, CA', url=u'https://api.twitter.com/1.1/geo/id/3b77caf94bfc81fe.json', country=u'United States', place_type=u'city', bounding_box=BoundingBox(_api=<tweepy.api.API object at 0x000000000DEAF550>, type=u'Polygon', coordinates=[[[-118.668404, 33.704538], [-118.155409, 33.704538], [-118.155409, 34.337041], [-118.668404, 34.337041]]]), contained_within=[], country_code=u'US', attributes={}, id=u'3b77caf94bfc81fe', name=u'Los Angeles')",None,-2,"Muslim terrorist. Trump: Ban all Muslims

Homegrown terrorist: Trump: Too soon. It‚Äôs mental illness."
1733689704,2017/11/7 18:42,"[u'TERRORIST', u'TexasChurchMassacre']",0,1,Dante J.,262,1108,"Los Angeles, CA",16474,None,None,-2,"By the way, where's the proof that the #TERRORIST of the #TexasChurchMassacre was ""mentally ill?"" Medical files? A‚Ä?https://t.co/fmj6Ki3BHm"
3075536784,2017/11/7 18:38,[],0,0,Jocelyn Saragona,314,419,Los Angeles,4932,None,None,-2,"@guardian I want to read and understand what happened in times like this, but I never want to learn a terrorist/sho‚Ä?https://t.co/pDtlBXlhOR"
1733689704,2017/11/7 18:38,[u'TexasChurchMassacre'],0,0,Dante J.,262,1108,"Los Angeles, CA",16474,None,None,-2,"So the terrorist of the #TexasChurchMassacre had previously beat his wife and baby almost to death, and the militar‚Ä?https://t.co/kuyOgWL75h"
1612067526,2017/11/7 18:35,[],14,59,Bryan Behar,32542,41428,"Los Angeles, CA",30564,"Place(_api=<tweepy.api.API object at 0x000000000DEAF550>, full_name=u'Los Angeles, CA', url=u'https://api.twitter.com/1.1/geo/id/3b77caf94bfc81fe.json', country=u'United States', place_type=u'city', bounding_box=BoundingBox(_api=<tweepy.api.API object at 0x000000000DEAF550>, type=u'Polygon', coordinates=[[[-118.668404, 33.704538], [-118.155409, 33.704538], [-118.155409, 34.337041], [-118.668404, 34.337041]]]), contained_within=[], country_code=u'US', attributes={}, id=u'3b77caf94bfc81fe', name=u'Los Angeles')",None,-2,"Trump: Texas shooter can‚Äôt be a terrorist. He used guns, has white skin and his name is Kelley. Like my always correct General Kelly."
8.40E+17,2017/11/7 18:31,[],0,0,NancyGardian,1935,969,"Santa Monica, CA",9335,None,None,-2,"Texas
ANTIFA is a terrorist organization and should be shut down."
818705040,2017/11/7 18:30,[],0,0,MS BETH,3506,4744,Los Angeles,41312,None,None,-2,White American men are a bigger domestic terrorist threat than Muslim foreigners https://t.co/MXl9fPO4EM
206363288,2017/11/7 18:26,[],0,0,John Sullivan,3245,2260,Los Angeles,149352,None,None,-1,Terrorist attack in French city of Nice thwarted? https://t.co/yXWyvxTAsP
472701150,2017/11/7 18:20,[],0,0,my name is Julie & I hate Nazis!,509,86,"Burbank, CA",2665,None,None,-2,The NRA is a terrorist organization! https://t.co/40DUsfvEUL
584511734,2017/11/7 18:03,[],1,11,BOSS_LA House & Home,2552,1239,"Los Angeles, CA",19856,None,None,-2,@FinlayJameson @JimBeam NRA=terrorist organization
8.91E+17,2017/11/7 17:43,[],0,0,June Cozad,211,50,"Del Aire, CA",291,None,None,-2,@amyklobuchar @4everNeverTrump The NRA is a terrorist organization.
128763056,2017/11/7 17:31,[],0,0,Candice,898,3516,"Venice, Los Angeles",212646,None,None,-2,He is a white domestic terrorist and Trump Voter. https://t.co/4U2lrggLQX
30172438,2017/11/7 17:19,[],0,1,James,354,256,"Los Angeles, CA",16504,None,None,-2,"Blue Lives Matter is a terrorist organization.

They just want to kill Firefighters!

We need to talk about cop on cop crime!"
26545630,2017/11/7 17:12,[],0,2,Judie,119,1456,Santa Monica,7467,None,None,-2,@Draintherats @pauline10580 @MonsieurTank @realDonaldTrump So God And Country how's that Texas shooting 26 people d‚Ä?https://t.co/lyXosmzC6I
25839914,2017/11/7 16:35,[u'NRA'],0,0,Tracy Eumont Baird,233,51,"Santa Monica, CA",552,None,None,-2,#NRA is a terrorist organization. https://t.co/3wDV9Wyoxf
2238059208,2017/11/7 16:19,"[u'WhitePrivilege', u'WhiteSupremacy', u'racism', u'bias', u'inherentbias', u'prejudice', u'terrorist', u'Terrorism', u'TerrorismHasNoReligion']",16,24,LA Peoples Media,13033,16799,"Los Angeles, CA",42654,None,None,-2,#WhitePrivilege #WhiteSupremacy #racism #bias #inherentbias #prejudice #terrorist #Terrorism #TerrorismHasNoReligion https://t.co/aA7A1LDvEt
380688481,2017/11/7 16:11,[],0,0,Daily Inspiration,2036,2360,"LA, CA",107606,None,None,-1,Paradise Papers firm was criticised for failures on terrorist financing rules https://t.co/HXyhXEm6bs
14393872,2017/11/7 16:06,[],26,62,Janie Haddad Tompkins,2126,14905,"Los Angeles, USA",14747,None,None,-2,"Retweet if you're more fearful of white, male, American terrorist mass murderers now more than ever."
3075776587,2017/11/7 15:50,[],0,2,Dotard Trump,1973,3086,"West Hollywood, CA",42528,None,None,0,"@AdamParkhomenko I would hope no Democrat would join the Treasonous, terrorist enabler, gun murdering party of GOP."
7.96E+17,2017/11/7 14:49,[],0,0,Mike Meyer,30,49,"Los Angeles, CA",2113,None,None,-2,"@Smooth_Orator Yeah, that Doctor who killed at Fort Hood and had direct connection to the Terrorist, work place vio‚Ä?https://t.co/WENSBkvTJs"
7.88E+17,2017/11/7 14:43,[],0,0,Jim Rose,36,7,"Thousand Oaks, CA",69,None,None,-2,"@ShafPatel @realDonaldTrump To be a terrorist  you must be an ideological fanatic,  who acts out of political   mot‚Ä?https://t.co/HuqgdSuon1"
8.34E+17,2017/11/7 14:21,[],0,0,STFU Hollywood,480,108,"West Hollywood, CA",4899,None,None,-2,WATCH: The Best Terrorist Takedown You'll See on TV This Week https://t.co/ZEu0SiQh7v #ü§êüé•
21039636,2017/11/7 12:53,[],18,79,Harry Bring,350,12924,"Studio City, California",9563,"Place(_api=<tweepy.api.API object at 0x000000000DEAF550>, full_name=u'Los Angeles, CA', url=u'https://api.twitter.com/1.1/geo/id/3b77caf94bfc81fe.json', country=u'United States', place_type=u'city', bounding_box=BoundingBox(_api=<tweepy.api.API object at 0x000000000DEAF550>, type=u'Polygon', coordinates=[[[-118.668404, 33.704538], [-118.155409, 33.704538], [-118.155409, 34.337041], [-118.668404, 34.337041]]]), contained_within=[], country_code=u'US', attributes={}, id=u'3b77caf94bfc81fe', name=u'Los Angeles')",None,-2,More domestic terrorist deaths in US in last 10 months than in all 8 years of Obama administration.
8.04E+17,2017/11/7 12:48,[],0,0,SojournerTruth,111,22,"Los Angeles, CA",5528,None,None,-2,"@realDonaldTrump If we knew for sure that a terrorist was going to murder 30 people every day with a handgun, we wo‚Ä?https://t.co/moNXVlChLr"
154638975,2017/11/7 12:15,[],0,1,rebecca,400,660,"Los Angeles, CA",9673,None,None,-2,"A little to soon to talk about gun control, but he wasn‚Äôt above talking about immigration w/I hours of the NY terro‚Ä?https://t.co/CDG2fJpOrs"
154638975,2017/11/7 12:13,[],1,3,rebecca,400,660,"Los Angeles, CA",9673,None,None,-2,"@LibyaLiberty @MalcolmNance Time go by, but he was talking about immigration w/I hours of the NY terrorist attack! üôÑ"
9.19E+17,2017/11/7 12:09,[],0,3,Geeta Johnson,207,123,"Beverly Hills, CA",168,None,None,-2,@realDonaldTrump @EdWGillespie Is this like where you promised mass shootings and terrorist attacks wouldn't happen‚Ä?https://t.co/4isx3ZJxLa
3344175089,2017/11/7 11:48,[],0,0,Jamie Gregora,568,66,"Los Angeles, CA",822,None,None,-2,"@chadfelixg Hey,we found that white terrorist they‚Äôve been asking for! Why do I feel like they‚Äôre suddenly going to‚Ä?https://t.co/MtsCmnaaDo"
16004747,2017/11/7 9:06,[],0,0,Baglady,18550,22546,Los Angeles,235086,None,None,-1,@LivingDaDream27 @POTUS I love our military...active duty and Vets.  But there are always a few bad seeds (very few‚Ä?https://t.co/qROON9gLi6
2459784158,2017/11/7 8:43,[],0,0,Alaturka Gazetesi,10,2841,"Beverly Hills, CA",182127,None,None,-1,Greek police treat Athens gun attack as terrorist¬†act https://t.co/sS6f9qUrWV
25239100,2017/11/7 8:12,[],0,0,Jerry KidCharlemange,1168,1236,"Los Angeles, CA ",7907,None,None,-2,@syckatic @FoxNews Someone who inflicts terror is a terrorist. Not to mention going on the act of killing.
25239100,2017/11/7 8:09,[],0,0,Jerry KidCharlemange,1168,1236,"Los Angeles, CA ",7907,None,None,-2,"@syckatic @FoxNews You navigate around the fact that this guy with an AR who inflicted terror and killed people, to‚Ä?https://t.co/iDAncQja2q"
8.60E+17,2017/11/7 7:15,[],1,0,Tecate Light Papi,494,459,"Los Angeles, CA",12136,None,None,-2,Anybody who disagrees is a terrorist https://t.co/uZiyJYOGTq
19252105,2017/11/7 7:04,[],0,0,LeeRebelle,882,799,"Los Angeles, CA",44800,"Place(_api=<tweepy.api.API object at 0x000000000DEAF550>, full_name=u'Los Angeles, CA', url=u'https://api.twitter.com/1.1/geo/id/3b77caf94bfc81fe.json', country=u'United States', place_type=u'city', bounding_box=BoundingBox(_api=<tweepy.api.API object at 0x000000000DEAF550>, type=u'Polygon', coordinates=[[[-118.668404, 33.704538], [-118.155409, 33.704538], [-118.155409, 34.337041], [-118.668404, 34.337041]]]), contained_within=[], country_code=u'US', attributes={}, id=u'3b77caf94bfc81fe', name=u'Los Angeles')",None,-2,"Meek locked up for some stuuuuuuuuuupid bullshit yet white people out here full blown terrorist , Smh .. I‚Äôll keep praying for America"
1486833871,2017/11/7 6:25,[],0,1,Tom from Myspace,738,9357,"Los Angeles, CA",7298,"Place(_api=<tweepy.api.API object at 0x000000000DEAF550>, full_name=u'Los Angeles, CA', url=u'https://api.twitter.com/1.1/geo/id/3b77caf94bfc81fe.json', country=u'United States', place_type=u'city', bounding_box=BoundingBox(_api=<tweepy.api.API object at 0x000000000DEAF550>, type=u'Polygon', coordinates=[[[-118.668404, 33.704538], [-118.155409, 33.704538], [-118.155409, 34.337041], [-118.668404, 34.337041]]]), contained_within=[], country_code=u'US', attributes={}, id=u'3b77caf94bfc81fe', name=u'Los Angeles')",None,-2,So is this a proper excuse??!Ive been depressed&amp;had financial issues does that mean I have a right to go on a killi‚Ä?https://t.co/1ZS7Qgzl6u
17736232,2017/11/7 5:17,[],156,231,Kelly Carlin,3049,34071,Los Angeles,96100,None,None,-2,"Since 1975: 

3,025 Americans killed by foreign born terrorist incl 9/11. 

More than 1,800,000 killed by domestic gun violence

Stunning."
2323392894,2017/11/7 5:07,[],0,1,LeBronYe West,804,224,"Los Angeles, CA",1856,None,None,-1,Terrorist commits act of terrorism = not terrorism. Got it https://t.co/A9ICMqmfTQ
17718497,2017/11/7 4:49,[],9,14,L.A. Weekly,1746,711891,Los Angeles,57667,None,None,0,"Dutch police canceled @AllahLas' Rotterdam show, suspecting it was the intended target of a terrorist plot. https://t.co/LxFibHZP5D"
8.40E+17,2017/11/7 4:16,[],0,0,NancyGardian,1935,969,"Santa Monica, CA",9335,None,None,-2,"Texas
ANTIFA is a terrorist organization dedicated to violence against white Christian Americans, and should be SHUT DOWN via RICO."
7.43E+17,2017/11/7 4:08,[],0,0,Nicole Richards,86,31,"Los Angeles, CA",1120,None,None,-2,"@SpeakerRyan So Paul, I guess we just accept this as normal? More white male Americans kill Americans than any OTHER terrorist."
586262064,2017/11/7 3:32,[],0,0,Ryan Roach,146,35,"Studio City, Ca",475,None,None,-2,@Jeffmw @Susann_Sayz @Marina_Sirtis Trump called Obama a foreign born terrorist and repeatedly attacked millions for their Muslim faith.
1253524712,2017/11/7 3:20,[u'MSM'],0,0,Lexander Magazine,711,738,"Hollywood, Los Angeles",3452,None,None,-2,@AFP Is it so hard for #MSM to admit that Devin Kelley was terrorist scumbag? What does such refusal &amp; stubbornness‚Ä?https://t.co/6JUniz3h1M
289074893,2017/11/7 3:05,[],0,2,Steve Blum,301,81307,eyephone,24972,"Place(_api=<tweepy.api.API object at 0x000000000DEAF550>, full_name=u'Burbank, CA', url=u'https://api.twitter.com/1.1/geo/id/b0b79caecef59fb5.json', country=u'United States', place_type=u'city', bounding_box=BoundingBox(_api=<tweepy.api.API object at 0x000000000DEAF550>, type=u'Polygon', coordinates=[[[-118.37032, 34.1426298], [-118.2799703, 34.1426298], [-118.2799703, 34.2216898], [-118.37032, 34.2216898]]]), contained_within=[], country_code=u'US', attributes={}, id=u'b0b79caecef59fb5', name=u'Burbank')",None,-2,@NBCNews @PeteWilliamsNBC He‚Äôs white. He‚Äôs a ‚ÄúChristian.‚Ä?And he murdered people while they were praying. He‚Äôs a terrorist. Say it!
1480853874,2017/11/7 3:02,[],0,0,Geeosyncrasy,75,128,"Burbank, CA",8829,None,None,-2,"If someone is Muslim, with no affiliations to terrorist organizations, shoots up a church, is it still classified as mental health issue?"
92875513,2017/11/7 2:59,[],0,0,Stevie M. Samuel,2214,2188,Granada Hills~Palmdale,7501,"Place(_api=<tweepy.api.API object at 0x000000000DEAF550>, full_name=u'Los Angeles, CA', url=u'https://api.twitter.com/1.1/geo/id/3b77caf94bfc81fe.json', country=u'United States', place_type=u'city', bounding_box=BoundingBox(_api=<tweepy.api.API object at 0x000000000DEAF550>, type=u'Polygon', coordinates=[[[-118.668404, 33.704538], [-118.155409, 33.704538], [-118.155409, 34.337041], [-118.668404, 34.337041]]]), contained_within=[], country_code=u'US', attributes={}, id=u'3b77caf94bfc81fe', name=u'Los Angeles')",None,-2,Sorry white looking people. White looking people can be just as bad of a terrorist as anybody
2230946263,2017/11/7 2:40,[],2,3,AnimashaunWashington,5000,2417,Los Angeles,36014,None,None,0,@RosannaMaga @StrHon2016 @Thomas1774Paine I did notice this was on the anniversary on the Fort Hood terrorist attack. We will see.
399129934,2017/11/7 2:39,"[u'racist', u'WhiteHouse', u'VOTE']",1,1,Tommy Garrett,4145,2321,Beverly Hills,46426,None,None,-2,"As I told you yesterday, the #racist in the #WhiteHouse reacts to terrorism based on the race of the terrorist. #VOTE"
7.96E+17,2017/11/7 2:39,[],1,2,Wild Bill Wellman,239,155,"Hollywood, CA",16643,None,None,-1,"@mindforgd @heynottheface Yeah, I mean how many ppl just say ""Muslims are terrorist"" or ""Look at Chicago's black mu‚Ä?https://t.co/pVeYQAHoXP"
187670429,2017/11/7 2:39,[],0,0,Mundy,1204,49329,"Los Angeles, CA",26633,None,None,-2,@SpdShftr I don't support a terrorist organization that makes billions off mass murder.
1945041062,2017/11/7 2:27,[],0,0,Damian Ford,75,44,Los Angeles ,655,None,None,-2,"Could a gun manufacturer be considered a terrorist organization, given that it allows both gun owners &amp; non gun own‚Ä?https://t.co/Eiv34PZTk1"
85056149,2017/11/7 2:22,[],0,0,Ben Hunter,1913,548,Los Angeles,9849,None,None,-2,"Good guy with a gun. Every leftist, gun control advocate, and terrorist‚Äôs worst nightmare! 

https://t.co/xTKI1LyvdK"
15943507,2017/11/7 1:42,[],0,2,Chris Levangie Elise,1098,2140,"Santa Monica, CA, USA",16711,None,None,-2,France doesn't fight enough against ideology. The outcome of the recent trial of a terrorist brother is an evidence‚Ä?https://t.co/kW7T4Br9yi
26562502,2017/11/7 1:30,[],0,0,Socorro Polanco,542,1307,"Los Angeles, CA",65834,None,None,-2,@craigmelvin I guess my question is what doesn‚Äôt qualify this as a terrorist attack? The media won‚Äôt ever consider‚Ä?https://t.co/LERLjXy86f
7.61E+17,2017/11/7 1:23,[u'WhitePrivilege'],1,0,Brenda Baca,122,45,"Los Angeles, CA",1845,None,None,-2,"Tired of white terrorists getting a slap on the wrist and alll this help for their ""illness"" #WhitePrivilege‚Ä?https://t.co/grTQerEQ2m"
114396174,2017/11/7 0:37,[],0,1,Electrowave,682,530,Los Angeles California ,10420,None,None,-2,"@FoxNews USA sponsored terrorist, trained by the US goverment."
131262336,2017/11/7 0:27,[],0,1,Election Forum,33220,50210,"Los Angeles, CA",8220,None,None,-1,It was another murderous terrorist attack on U.S. soil. https://t.co/lbM90oIRHY https://t.co/9yJE5OMeO5
37871263,2017/11/7 0:19,[],1,1,Sean Valadez,890,881,"North Hollywood, Los Angeles",12514,None,None,-2,@The_Trump_Train @Jekamiller and he is a terrorist!!!!! if it's a mental health issue make mental healthcare free for all Americans!
9.27E+17,2017/11/7 0:17,[],0,0,Justin Yorick,1473,6442,"Los Angeles, CA",282,None,None,-1,Simple proof that a massively armed populace cannot combat a domestic terrorist with an assault rifle.
134336605,2017/11/7 0:15,[],0,0,Adam Jay,205,91,Los Angeles ,2037,None,None,-2,@anumslayz @WORLDSTAR Oh he‚Äôs a terrorist!!!
33976641,2017/11/6 23:59,[],0,0,YUNG HOLLYWEIRD,201,674,Los Angeles ,4537,"Place(_api=<tweepy.api.API object at 0x000000000DEAF550>, full_name=u'Los Angeles, CA', url=u'https://api.twitter.com/1.1/geo/id/3b77caf94bfc81fe.json', country=u'United States', place_type=u'city', bounding_box=BoundingBox(_api=<tweepy.api.API object at 0x000000000DEAF550>, type=u'Polygon', coordinates=[[[-118.668404, 33.704538], [-118.155409, 33.704538], [-118.155409, 34.337041], [-118.668404, 34.337041]]]), contained_within=[], country_code=u'US', attributes={}, id=u'3b77caf94bfc81fe', name=u'Los Angeles')",None,-2,"Oh my gosh! YES! Please media, tell me more about the terrorist who shot up a church! I definitely want to know everything about him!"
8.89E+17,2017/11/6 23:54,[],1,1,TMZMETS,403,279,"Hollywood, Los Angeles",12902,None,None,-2,Fuck Kanter and his terrorist family
28872567,2017/11/6 23:40,[],1,9,Amy Alkon,1417,10857,"Venice, California",70561,None,None,-1,"If you're psychopath who kills bc you are twisted in the head, you've done a horrible thing, but you're not a terrorist, whatever yr color"
28872567,2017/11/6 23:38,[],0,5,Amy Alkon,1417,10857,"Venice, California",70561,None,None,0,To be white or black does not cause one to be terrorist.Q is: is one who commits violence driven by a relig/polit ideology that commands it?
16190062,2017/11/6 23:32,[],0,0,James Sloat,2420,583,Los Angeles,5758,None,None,-2,@mattdpearce @deviatar You mean ANOTHER WHITE PASTY mass murdering domestic terrorist!
14073855,2017/11/6 23:25,[],2,16,Wolf Hudson,903,23735,"Los Angeles, CA",95966,"Place(_api=<tweepy.api.API object at 0x000000000DEAF550>, full_name=u'Los Angeles, CA', url=u'https://api.twitter.com/1.1/geo/id/3b77caf94bfc81fe.json', country=u'United States', place_type=u'city', bounding_box=BoundingBox(_api=<tweepy.api.API object at 0x000000000DEAF550>, type=u'Polygon', coordinates=[[[-118.668404, 33.704538], [-118.155409, 33.704538], [-118.155409, 34.337041], [-118.668404, 34.337041]]]), contained_within=[], country_code=u'US', attributes={}, id=u'3b77caf94bfc81fe', name=u'Los Angeles')",None,-2,"Let‚Äôs get this str8: white man = mentally ill, Muslim man = terrorist? Why did Trump make it easier for mentally ill ppl to purchase guns?"
22830002,2017/11/6 23:14,[],0,0,Amy Cohen MD,210,86,"Los Angeles, CA",631,None,None,-2,@JoyAnnReid @NRA The NRA is a terrorist organization.  They spread fear/hate and advocate violence in order to prom‚Ä?https://t.co/pjtPYIAkYz
3152881373,2017/11/6 23:09,[],0,0,Aleggra,747,449,"Los Angeles, CA",7695,None,None,-2,"@sgaut @Brasilmagic As far as @GOP is concerned, if whites commit mass murder it doesn't count. Church killer was a‚Ä?https://t.co/go2Gi6LJMa"
