user_id,created_at,hashtags,retweet_count,favorite_count,user_name,user_friends_count,user_followers_count,user_location,user_tweet_count,place,geo,tweets
user_id,created_at,hashtags,retweet_count,favorite_count,user_name,user_friends_count,user_followers_count,user_location,user_tweet_count,place,geo,tweets
user_id,created_at,hashtags,retweet_count,favorite_count,user_name,user_friends_count,user_followers_count,user_location,user_tweet_count,place,geo,tweets
1195409869,2017-11-16 04:51:14,[u'NowPlaying'],0,0,Radio G!,4,50,Los Angeles,23710,None,None,#NowPlaying Acid Rain (Steven Redant Hurricane Club Mix) - Alexis Jordan ft. J. Cole
22545453,2017-11-16 04:48:01,[u'resilience'],1,0,RAND Corporation,1206,144589,"Santa Monica, California",35247,None,None,"Adopting a systems approach will help communities build #resilience, says RAND's @MelissaFinucane. https://t.co/oGBm6pboCt"
746603355053580290,2017-11-16 04:36:35,[],0,0,dana walsh,2378,2401,"Los Angeles, CA",3775,None,None,This is the school and Church I grew up in...a friend sent it to me... https://t.co/3Jw9dBDNai
3864687866,2017-11-16 04:08:43,[],0,0,Camila,909,539,"Los Angeles, CA",35393,None,None,"@realDonaldTrump Since you didn't do anything for PR, they are coming to Florida! https://t.co/BYQJ3Qr3JD Florida w‚Ä¶ https://t.co/SNn9HpQiVS"
43360071,2017-11-16 04:04:59,[],0,0,Meet Your Mood LA,40,17,"Los Angeles, CA",136,None,None,Hamilton last night w special appearance with Lin-Manuel Miranda supporting HIV and hurricane relief for Puerto Ric‚Ä¶ https://t.co/SK6UiriePQ
541954282,2017-11-16 03:56:23,[],0,0,Gabo.,222,404,"Los Angeles, CA",6210,None,None,Make this go viral. This is unbelievable. Lloro pu√±eta! üáµüá∑ https://t.co/TDtycNldOP
266434436,2017-11-16 03:49:32,[],0,0,Bruce C. Smythe,76,27,"Los Angeles, CA",18,None,None,@tonyiommi Tony would you do it one more time before you go for the hurricane victims Dec 16th Hard Rock Stadium Em‚Ä¶ https://t.co/oGXSb3GqCB
845453345674297344,2017-11-16 03:12:41,[],0,0,CovfefeBaldwin,119,23,"West Hollywood, CA",816,None,None,@JoeNBC please for the love of humanity stop making music!! Your music caused hurricane Harvey and Harvey Weinstein‚Ä¶ https://t.co/MzR6DE4eU1
273748289,2017-11-16 03:00:26,[],0,0,L.A. CHEFs Column,22441,29472,"Los Angeles, CA",70930,None,None,Fatburger‚Äôs parent to buy Hurricane Grill &amp; Wings https://t.co/4lw41tmkGp
71393968,2017-11-16 02:58:53,[],0,0,The Rescue Train,414,1731,Toluca Lake,3319,None,None,Hurricane Harvey survivor Moo - Longest resident: https://t.co/je9qJVdXtL via @YouTube
12804312,2017-11-16 01:30:05,[],0,2,89.3 KPCC,2203,115136,"Los Angeles, California",95423,None,None,"A new NASA visualization shows the hurricanes from 2017 season from a new perspective ‚Äî that is, their impact on pa‚Ä¶ https://t.co/oEDAEwc2yT"
112283650,2017-11-16 01:20:33,[],0,0,#BehindBars,5135,5697,"Los Angeles, CA",11046,None,None,"Tomorrow morning @10am-2pm
Catch me at Moorpark College.
I'm performing at the 
Hurricane Survivors Fundraiser... https://t.co/TGcJGpDPWE"
112283650,2017-11-16 01:20:30,[],0,0,#BehindBars,5135,5697,"Los Angeles, CA",11046,None,None,"Tomorrow morning @10am-2pm
Catch me at Moorpark College.
I'm performing at the 
Hurricane Survivors Fundraiser Conc‚Ä¶ https://t.co/btCv8xgnhm"
37493794,2017-11-16 01:16:40,[],0,0,Tempo | Alex Myers,700,7641,Los Angeles,41241,None,None,@xL_Hurricane @Takamura_Be @redbullesports @Tempo_Storm LMAO
17134772,2017-11-16 01:10:50,[],0,0,multifacets,868,310,"San Fernando Valley, CA",67065,None,None,URGENT! We desperately need people and 501(c)3 cat rescues to take Hurricane Harvey Kittens by 8pm today so they... https://t.co/nbk6F4JH0Z
17134772,2017-11-16 01:10:39,[],0,0,multifacets,868,310,"San Fernando Valley, CA",67065,None,None,URGENT! We desperately need people and 501(c)3 cat rescues to take Hurricane Harvey Kittens by 8pm today so they... https://t.co/gYH3Fm1iVm
307022914,2017-11-16 00:59:12,[],0,0,kelebo,255,1010,"Hawthorne, CA ",40206,None,None,@xiaoku just to get torn apart by every hurricane at once lmao fuck that
546277891,2017-11-16 00:22:41,[],0,0,Karla Silva,3377,494,"Santa Monica, CA",62572,None,None,"Hurricane Damage To Manufacturers In Puerto Rico Affects Mainland Hospitals, Too https://t.co/wf46esQWEt"
2374566590,2017-11-16 00:15:14,"[u'CommandSeries', u'MikeHansen', u'Hurricane']",0,2,Sawtooth,1948,387,Sherman Oaks,621,None,None,Our #CommandSeries getting worked on by the amazing #MikeHansen during the last #Hurricane show.  Learn more about‚Ä¶ https://t.co/w2To8628bO
112662400,2017-11-16 00:14:12,[],0,0,Rough Church,449,205,"Los Angeles, CA",4796,None,None,And why not? https://t.co/cHGSxFl1L0
22179835,2017-11-16 00:06:28,"[u'Clearwater', u'Irma']",0,1,Scientology,73,93906,Los Angeles,118617,None,None,".@ScientologyVM's &amp; the Los Topos crew in #Clearwater neighborhoods, clearing away trees that collapsed after #Irma‚Ä¶ https://t.co/7sQCaJGrAF"
801633056,2017-11-15 23:48:04,[],0,0,Gail Kristin Upp,99,365,"Los Angeles, California",23530,None,None,@russellcrowe I remember the beauty. I also remember standing on the corner of 58th and 8th with an apparent hurric‚Ä¶ https://t.co/xISkfhirCq
336908836,2017-11-15 23:46:24,[],0,0,Hot Chick Bartenders,1840,396,los angeles,4551,None,None,‚ù§Ô∏è sorry PR! https://t.co/Ix6Aqnmb9s
4225517894,2017-11-15 23:40:42,[],0,0,Gibson Showroom,1,13,"Los Angeles, CA",529,None,None,"Vintage Crystal Door Knobs - $160/set.
Large Glass Banded Hurricane Jar - $115.
Vintage Architectural Scales / Rule‚Ä¶ https://t.co/W0fR6lLb56"
850188504286076929,2017-11-15 23:24:19,[],0,0,Essay Paper,2547,2828,"Los Angeles, CA",8139,None,None,[Recommended] ‚Äì ¬† Choose one (1) of the two (2) disaster scenarios below:¬† A hurricane has hit https://t.co/XJcjUsdyDm
2967808004,2017-11-15 23:21:06,[],0,0,Brody,35,46,los angeles,39990,None,None,"New story on NPR: WATCH: The Hurricane Season, As Shown By Salt, Smoke And Dust https://t.co/IfJne4NMZJ"
12707222,2017-11-15 23:20:25,[],0,0,Annelize Bester,1686,1319,"Los Angeles, CA, U.S.A.",114986,None,None,"NPR: WATCH: The Hurricane Season, As Shown By Salt, Smoke And Dust https://t.co/50vEvxnujq"
851467828683091968,2017-11-15 23:12:04,[],0,0,CA Process Service,4995,675,"Los Angeles, CA",65918,None,None,"After Hurricane Maria, mainland schools get influx of Puerto Rican students https://t.co/WAFic7Joym https://t.co/WLXhqdjiBA"
2173043520,2017-11-15 23:09:06,[],0,0,:D Los Angeles,978,519,Los Angeles,31812,None,None,FAT Brands to buy Hurricane Grill &amp; Wings https://t.co/glm6fl7ahp
364371190,2017-11-15 22:43:36,[],0,0,Spike Friedman,819,3092,Los Angeles,32242,None,None,@sethsommerfeld https://t.co/EbGiynEhUe
19918709,2017-11-15 22:31:08,[],0,0,grapejelly,428,1066,"West Hollywood, CA",52259,None,None,On par with 6‚Äù stilettos to visit hurricane stricken lands https://t.co/l6QkKyztNl
2214689930,2017-11-15 22:20:32,[],0,0,The Patriot,185,604,Los Angeles,13281,None,None,Puerto Rico Hurricane Affecting US Hospitals in a Big Way https://t.co/IZtYIrOIiN
609484227,2017-11-15 22:19:19,"[u'FightOn', u'USC']",0,0,Fight On Trojans!,1148,1986,"Los Angeles, CA",31386,None,None,"#FightOn #USC https://t.co/pIEt2Zovej After Hurricane Maria, mainland schools get influx of Puerto Rican students"
2884845544,2017-11-15 22:15:16,[],0,0,Anna Le Claire,2734,2906,"Los Angeles, CA",48610,None,None,@magsview77 @Jimenalolo @HuckstepRichard @caitoz I wouldn‚Äôt blame them. Puerto Rico was in bad shape before the hurricane
814655881811873792,2017-11-15 22:01:09,[],0,0,Candice Kim,624,387,"Los Angeles, CA",1814,None,None,New @chemsafetyboard video unpacking what happened at the Arkema plant during Hurricane Harvey. https://t.co/htLGHaJ4zE
2652287388,2017-11-15 21:40:37,[],0,0,Belle Isle,577,436,"Los Angeles, CA",12390,None,None,"@Nicole_D_Rams Ah, Hurricane Hattie. Stories about my great uncle having to carry my mom &amp; aunt on his shoulders (b‚Ä¶ https://t.co/tFr7JiXYer"
4627342095,2017-11-15 21:30:31,[],0,0,Zesty Car News,1586,4310,"Los Angeles, CA",41282,None,None,The Jalopnik Car Show For Hurricane Relief Is Back Sunday Nov. 26 And You Should Be There https://t.co/LDMG4VPqC0 https://t.co/J8SqZYd3Gg
15446713,2017-11-15 21:21:40,[],6,3,LATV,3476,8396,,9044,"Place(_api=<tweepy.api.API object at 0x10cdbb3d0>, country_code=u'US', url=u'https://api.twitter.com/1.1/geo/id/3b77caf94bfc81fe.json', country=u'United States', place_type=u'city', bounding_box=BoundingBox(_api=<tweepy.api.API object at 0x10cdbb3d0>, type=u'Polygon', coordinates=[[[-118.668404, 33.704538], [-118.155409, 33.704538], [-118.155409, 34.337041], [-118.668404, 34.337041]]]), contained_within=[], full_name=u'Los Angeles, CA', attributes={}, id=u'3b77caf94bfc81fe', name=u'Los Angeles')",None,"In collaboration with Puerto Rico‚Äôs @RinconFilmFest, RoxCine, &amp; @SFLatinoFilm present Puerto Rican short films 11/1‚Ä¶ https://t.co/5k8NsKJM6e"
112283650,2017-11-15 21:12:36,[],0,0,#BehindBars,5135,5697,"Los Angeles, CA",11046,None,None,"Showtime! 
Tomorrow 10am-2pm 
Catch me performing at Moorpark College 
Hurricane survivor FundRaiser concert.... https://t.co/1XEzUlwqT9"
112283650,2017-11-15 21:12:29,[],2,2,#BehindBars,5135,5697,"Los Angeles, CA",11046,None,None,"Showtime! 
Tomorrow 10am-2pm 
Catch me performing at Moorpark College 
Hurricane survivor FundRaiser concert. Along‚Ä¶ https://t.co/sX8Gkl8rgV"
336818917,2017-11-15 20:37:56,[],0,0,Casey Coates Danson,366,419,Los Angeles,54068,None,None,"Exploiting tragedy, heartless Republicans seek to privatize Puerto Rico after Hurricane Maria https://t.co/li87Eso85X"
336818917,2017-11-15 20:37:49,[],0,0,Casey Coates Danson,366,419,Los Angeles,54068,None,None,"Exploiting tragedy, heartless Republicans seek to privatize Puerto Rico after Hurricane Maria https://t.co/xdSaxOgNmv"
71393968,2017-11-15 20:16:13,[],2,2,The Rescue Train,414,1731,Toluca Lake,3319,None,None,We desperately need people &amp; 501(c)3 cat rescues to take Hurricane Harvey Kittens by 8pm today. We are airlifting a‚Ä¶ https://t.co/k0vinbIzpO
858407531722547201,2017-11-15 20:12:14,"[u'HurricaneHarvey', u'MattressMack']",4,6,Breaking News,6175,53143,"Los Angeles, CA",50856,"Place(_api=<tweepy.api.API object at 0x10cdbb3d0>, country_code=u'US', url=u'https://api.twitter.com/1.1/geo/id/3b77caf94bfc81fe.json', country=u'United States', place_type=u'city', bounding_box=BoundingBox(_api=<tweepy.api.API object at 0x10cdbb3d0>, type=u'Polygon', coordinates=[[[-118.668404, 33.704538], [-118.155409, 33.704538], [-118.155409, 34.337041], [-118.668404, 34.337041]]]), contained_within=[], full_name=u'Los Angeles, CA', attributes={}, id=u'3b77caf94bfc81fe', name=u'Los Angeles')",None,#HurricaneHarvey hero '#MattressMack' hosting Thanksgiving feast for ‚Äòeverybody' https://t.co/EWqAETOxo6 @newnewspage
12707222,2017-11-15 19:51:03,[],0,0,Annelize Bester,1686,1319,"Los Angeles, CA, U.S.A.",114986,None,None,FoxNews: Hurricane Harvey hero 'Mattress Mack' hosting Thanksgiving feast for ‚Äòeverybody' https://t.co/qLZpVrC9iU
22545453,2017-11-15 19:50:01,[],3,4,RAND Corporation,1206,144589,"Santa Monica, California",35247,None,None,Here's how communities affected by recent hurricanes can invest in resilience as they rebuild: https://t.co/ZEtgVU9nG9 via @MelissaFinucane
71393968,2017-11-15 19:18:07,[],0,0,The Rescue Train,414,1731,Toluca Lake,3319,None,None,Hurricane Harvey survivor kittens: https://t.co/shD7mqbBh7 via @YouTube
71393968,2017-11-15 19:17:27,[],0,0,The Rescue Train,414,1731,Toluca Lake,3319,None,None,Hurricane Harvey survivor Tina (Heart worm +): https://t.co/LOPMtXDYib via @YouTube
71393968,2017-11-15 19:16:21,[],0,0,The Rescue Train,414,1731,Toluca Lake,3319,None,None,Hurricane Harvey survivor Nyla (video 2): https://t.co/95vJLASqYo via @YouTube
71393968,2017-11-15 19:13:31,[],0,0,The Rescue Train,414,1731,Toluca Lake,3319,None,None,Hurricane Harvey survivor Philip (2nd Video): https://t.co/72OERPh9zm via @YouTube
31176183,2017-11-15 19:13:27,"[u'fema', u'PuertoRico', u'America', u'Americans']",0,1,Wayne Ford,1989,450,"Los Angeles, CA",1563,None,None,Shameful. #fema #PuertoRico #America #Americans https://t.co/6CglWM9hZt
71393968,2017-11-15 19:05:27,[],0,0,The Rescue Train,414,1731,Toluca Lake,3319,None,None,Hurricane Harvey survivor Cookie (heart worm +): https://t.co/u49licFsvI via @YouTube
71393968,2017-11-15 19:01:42,[],0,0,The Rescue Train,414,1731,Toluca Lake,3319,None,None,Hurricane Harvey survivor Maggie: https://t.co/Bmdk9aSi9H via @YouTube
720074006435467264,2017-11-15 18:32:37,[],0,6,L y r a   L a w,616,135548,"Los Angeles, CA",3182,None,None,Luke Combs - Hurricane https://t.co/Go2PdcsNhJ
20623704,2017-11-15 18:32:01,[],0,0,Scott A. Hill,466,204,"Los Angeles, CA",1295,None,None,UCC groups coming together in Philly to help hurricane evacuees from Puerto Rico https://t.co/Mx3vWxfxk9 via @unitedchurch
17920055,2017-11-15 18:26:17,[],0,0,HWDRepublican,5478,6222,"Hollywood, CA USA",595402,None,None,THR: Agency: Texas chemical plant unprepared for Hurricane Harvey https://t.co/wITTmxDqiy (FOX)
339206441,2017-11-15 18:05:18,[u'FightFor15'],1,2,Fight for $15 LA,4079,11639,"Los Angeles, California",28763,None,None,The devastation isn't over: Hurricane Harvey cleanup workers aren't getting paid https://t.co/kjgnDqFUGJ #FightFor15 https://t.co/YIynFIz6cE
21370988,2017-11-15 18:05:00,[],0,0,Dorothy Li Calzi,2262,1489,Santa Monica. Ca.,109928,None,None,Its been the GOP plan all along https://t.co/uan0N2E6g3
1532947802,2017-11-15 17:51:06,[],0,0,Brian Mark,1876,650,"Hollywood, CA",6567,None,None,Saline Solution Bags in Short Supply After Hurricane Maria Hit Puerto Rico https://t.co/0fn0poNoff
32510701,2017-11-15 17:28:53,[],0,0,Lisa Ramos-Oakley,66,12,"Los Angeles, CA",271,None,None,"Hurricane Damage To Manufacturers In Puerto Rico Affects Mainland Hospitals, Too https://t.co/SnOa3lceD2"
17920055,2017-11-15 17:27:31,[],0,0,HWDRepublican,5478,6222,"Hollywood, CA USA",595402,None,None,GOP: RT VP: Heading to Texas w/ SecondLady to meet w/ GovAbbott &amp; FEMA officials for updates on Hurricane Harvey r‚Ä¶ https://t.co/ZwY041SXsL
793622676531130368,2017-11-15 17:19:53,[u'Believe2Believe'],2,8,Authentic Athletes,160,97,"Los Angeles, CA",194,None,None,"'Hurricane' @heatherjoclark shares her #Believe2Believe mindset, the importance of surrounding yourself with positi‚Ä¶ https://t.co/929JuLFV2A"
17920055,2017-11-15 16:59:19,[],0,0,HWDRepublican,5478,6222,"Hollywood, CA USA",595402,None,None,THR: Puerto Rico suffers major power outage 56 days after Hurricane Maria https://t.co/AxaNNp6k1J (WE)
33710985,2017-11-15 16:50:17,[u'ResinReport'],0,0,PlasticsToday,3397,16324,"Santa Monica, CA",12524,None,None,Weekly #ResinReport: Polyethylene supplies improve as Hurricane Harvey‚Äìrelated premiums erode‚Ä¶ https://t.co/qVwWRTLKf2
325104532,2017-11-15 16:20:33,[],0,0,Noah Finneburgh,5001,2029,SF and LA,20834,None,None,"You mean you‚Äôre going to talk to Hurricane Harvey survivors briefly, then rush back to Washington to try to raise t‚Ä¶ https://t.co/9T9tdpbEmE"
804132407355899904,2017-11-15 16:13:11,[u'PuertoRico'],2,0,Vet Action Network,1015,3005,"Santa Monica, CA",6011,None,None,"Hurricane Damage To Manufacturers In #PuertoRico Affects Mainland Hospitals, Too https://t.co/NDfTV2lWOj"
25124159,2017-11-15 16:10:34,[],0,1,Kellen Cox,705,232,"Los Angeles, CA",14148,None,None,@theGudernatch Is it the meme with JJ Watts raising $192728 billion for hurricane relief and not receiving a GQ cit‚Ä¶ https://t.co/VO5Ka78N8l
2414883655,2017-11-15 16:10:13,"[u'hurricanes', u'FannieMae', u'losangel']",0,0,RaviMadhwani,766,1104,"West Hills, CALIFORNIA",135524,None,None,Help is available for homeowners impacted by the recent #hurricanes. https://t.co/cqCht3fJKg https://t.co/QyRjVhirH7 #FannieMae #losangel‚Ä¶
22179835,2017-11-15 15:18:28,"[u'IRMA', u'CLEARWATER']",0,2,Scientology,73,93906,Los Angeles,118617,None,None,.@SCIENTOLOGYVM HURRICANE #IRMA CLEANUP AT #CLEARWATER'S CHERRY HARRIS PARK AND THROUGHOUT GREENWOOD‚Ä¶ https://t.co/gCrZjqbeW0
212715586,2017-11-15 15:00:03,[],0,0,Dennis Clark,122,2132,LA,30757,None,None,"Now You Can Give the Kids In Your Life Books This Christmas and Help Hurricane Victims, Too https://t.co/z4t2CDivn0 via @WomansDay"
34949924,2017-11-15 14:57:04,[],1,0,Lisa Melchior,285,206,Los Angeles,1722,None,None,"After Hurricane, Signs of a Mental Health Crisis Haunt Puerto Rico via @nytimes https://t.co/zSQjnehMHa"
14323300,2017-11-15 14:45:41,[],1,4,Lindsay S Nixon,123,41573,"Los Angeles, CA",69837,None,None,wonderful! Be Santa! Give the gift of helping others meet their needs - USVI hurricane relief  https://t.co/J5WsWmljlo
24229787,2017-11-15 14:45:05,[],4,1,Green Energy News,5325,107392,"Los Angeles, CA",58986,None,None,Texas Officials Spar Over Hurricane Evacuation Order That Never Happened https://t.co/pv9a25gtOZ https://t.co/lWOHQL7ACC
29221913,2017-11-15 14:33:23,[],0,1,Viewpoint School,107,753,"Calabasas, CA",3852,None,None,"St. Paul‚Äôs Catholic School in Jacksonville Beach, Florida, was devastated by Hurricane Irma.‚Ä¶ https://t.co/RD0LggvSNW"
3133670934,2017-11-15 14:06:15,[],0,0,Seattle Pro's Top Champ,429,565,"Malibu, CA",6615,None,None,@w_terrence @EMFres1 Or JJ. Watt that raised 37 million dollars for Hurricane victims. Just a thought
2336949294,2017-11-15 13:45:29,[u'LookingForNews'],0,0,JUST PURE INFORMATION,688,8307,"Los Angeles, CA",625456,None,None,@monitor_sur @MiamiHerald #LookingForNews&gt;&gt;&gt; MIAMI HERALD Their cruise was canceled to offer hurricane relief. ... https://t.co/5a14CgJl0j
229576116,2017-11-15 13:01:31,[],0,0,Grant W. Graves,2203,1746,"Santa Monica, CA",63285,None,None,"Global Warming Really Did Make Hurricane Harvey More Likely, a New Study Finds - The Atlantic https://t.co/qMV8ROm5Se"
22179835,2017-11-15 12:10:37,"[u'Clearwater', u'Irma']",3,6,Scientology,73,93906,Los Angeles,118617,None,None,.@ScientologyVM's are on the move to #Clearwater City Hall to assist in the cleanup efforts after Hurricane #Irma.‚Ä¶ https://t.co/akbF66l7yR
207904545,2017-11-15 10:45:12,"[u'USCG', u'HiTechCJ']",0,0,Virtual Paparazzi,15283,15163,"Hollywood, California",209029,None,None,"Cutter Venturous returns home after conducting hurricane relief, law enforcement operations #USCG #HiTechCJ https://t.co/UkSFi1AbpP"
276089910,2017-11-15 10:45:12,"[u'USCG', u'HiTechCJ']",0,0,Angel City Buzz,2955,3375,"Los Angeles, California",16227,None,None,"Cutter Venturous returns home after conducting hurricane relief, law enforcement operations #USCG #HiTechCJ https://t.co/MAAN9aKn9Z"
22179835,2017-11-15 10:30:36,"[u'Irma', u'Clearwater']",0,3,Scientology,73,93906,Los Angeles,118617,None,None,.@ScientologyVM's assist in the #Irma cleanup efforts at the steps of the Post Office in downtown #Clearwater.‚Ä¶ https://t.co/5teS2WPVC2
12707222,2017-11-15 10:21:25,[],0,0,Annelize Bester,1686,1319,"Los Angeles, CA, U.S.A.",114986,None,None,"NPR: RT NPRHealth: Hurricane Damage To Manufacturers In Puerto Rico Affects Mainland Hospitals, Too https://t.co/xje8HtMPgI"
2967808004,2017-11-15 10:16:21,[],0,0,Brody,35,46,los angeles,39990,None,None,"New story on NPR: Hurricane Damage To Manufacturers In Puerto Rico Affects Mainland Hospitals, Too https://t.co/2avHwv5Y6v"
213137804,2017-11-15 10:15:28,[u'healthcare'],0,0,"MDtree, Inc.",192,92,Los Angeles,5451,None,None,"Hurricane Damage To Manufacturers In Puerto Rico Affects Mainland Hospitals, Too https://t.co/AKbYiA63sE #healthcare"
22179835,2017-11-15 09:31:39,[u'Irma'],0,0,Scientology,73,93906,Los Angeles,118617,None,None,"Los Topos crew &amp; @ScientologyVM's work post #Irma, in front of the Peace Memorial Presbyterian Church in‚Ä¶ https://t.co/BY3Oih096f"
1461347948,2017-11-15 09:00:54,[],0,1,Kerry Whore Key,422,214,Los Angeles,6045,None,None,"@ClassicMovieHub He physically abused her, drove her to drink, and drained her bank account. Wasn't a successfully‚Ä¶ https://t.co/nadZ76F4Jn"
24229787,2017-11-15 08:47:07,[],3,3,Green Energy News,5325,107392,"Los Angeles, CA",58986,None,None,Hurricane Harvey Is A Climate-Change Storm https://t.co/bk2UjReGfl https://t.co/UIGpTBoKNE
22179835,2017-11-15 07:04:32,"[u'Clearwater', u'Irma']",0,0,Scientology,73,93906,Los Angeles,118617,None,None,.@ScientologyVM's &amp; Los Topos crew assist the Fire Department in the cleanup of #Clearwater in the wake of #Irma.‚Ä¶ https://t.co/EogVJGYfIx
829562855271723008,2017-11-15 06:16:35,[],1,1,TV and Radio Pro,1329,397,"Los Angeles, CA",3216,None,None,Cumulus Employee Starts Fundraiser for Puerto Rico Hurricane Victims https://t.co/K76JDjsnQT
3198427556,2017-11-15 05:26:50,[],0,0,Rudy,104,17,"Los Angeles, CA",1089,None,None,"@KamBrothers Rudy
The Natural
Raging Bull
He Got Game
White Men Can't Jump

Honorable mention: The Hurricane, Any G‚Ä¶ https://t.co/mS67U1cpAg"
2519580234,2017-11-15 05:24:08,[],0,0,Climate Change 911,4406,4868,"Los Angeles, CA",6267,None,None,Don't be complacent: climate change will ravage rich and poor alike... https://t.co/lTTsk6ADaK
737409493382795266,2017-11-15 05:20:21,[],0,1,Sassy Pants,153,290,"Los Angeles, CA",24966,None,None,@liberalgoddess @JYSexton Much better than the response to Hurricane Maria though.
1340112295,2017-11-15 05:18:16,[],0,14,hjb,247,606,Everywhere,8978,"Place(_api=<tweepy.api.API object at 0x10cdbb3d0>, country_code=u'US', url=u'https://api.twitter.com/1.1/geo/id/3b77caf94bfc81fe.json', country=u'United States', place_type=u'city', bounding_box=BoundingBox(_api=<tweepy.api.API object at 0x10cdbb3d0>, type=u'Polygon', coordinates=[[[-118.668404, 33.704538], [-118.155409, 33.704538], [-118.155409, 34.337041], [-118.668404, 34.337041]]]), contained_within=[], full_name=u'Los Angeles, CA', attributes={}, id=u'3b77caf94bfc81fe', name=u'Los Angeles')",None,"Me:*Walking casually in the mall*

Some dude: hey you have a gorgeous look! Where are you from?

Me: Iowa!

The dud‚Ä¶ https://t.co/53jUeZ4dxh"
858407531722547201,2017-11-15 05:12:23,[],5,6,Breaking News,6175,53143,"Los Angeles, CA",50856,"Place(_api=<tweepy.api.API object at 0x10cdbb3d0>, country_code=u'US', url=u'https://api.twitter.com/1.1/geo/id/3b77caf94bfc81fe.json', country=u'United States', place_type=u'city', bounding_box=BoundingBox(_api=<tweepy.api.API object at 0x10cdbb3d0>, type=u'Polygon', coordinates=[[[-118.668404, 33.704538], [-118.155409, 33.704538], [-118.155409, 34.337041], [-118.668404, 34.337041]]]), contained_within=[], full_name=u'Los Angeles, CA', attributes={}, id=u'3b77caf94bfc81fe', name=u'Los Angeles')",None,Two strangers who met on social media join forces to send thousands of packages of much-needed supplies to hurrican‚Ä¶ https://t.co/tXi3qdAYXT
77908231,2017-11-15 05:07:09,[],0,0,KP Chong,297,232,los angeles,12421,None,None,@tristanwalker The Performance of Becoming Human by Daniel Borzutzky. Captures the wedge- what a hurricane. https://t.co/YhsX4ifPIY
748959852,2017-11-15 04:57:09,"[u'WeLoveLA', u'USCTrojans', u'FightOn', u'SportsRoadhouse']",0,0,LosAngelesSRH,114,1087,Los Angeles,819186,None,None,#WeLoveLA #USCTrojans #FightOn Notre Dame Football: The Hurricane Hangover https://t.co/V9dz7TeukW #SportsRoadhouse
3164694138,2017-11-15 04:52:04,[],0,0,Keen Report,951,13446,"Los Angeles, CA",5245,None,None,@SenSanders Because the democratically controlled island has been improperly managed funds for decades and the elec‚Ä¶ https://t.co/xkFYC44bFs
573091153,2017-11-15 04:22:51,[],0,0,AOI 2000,4963,767,"Los Angeles, CA",11238,None,None,Gostei de um v√≠deo @YouTube https://t.co/hWtk1sLzC5 - Rock You Like A Hurricane
22179835,2017-11-15 04:12:25,"[u'Clearwater', u'Irma']",0,0,Scientology,73,93906,Los Angeles,118617,None,None,".ScientologyVM's clear away tree branches and debris in front of #Clearwater City Hall, in the wake of #Irma. https://t.co/5c7e9Aqww4"
34095675,2017-11-15 04:10:10,[],0,0,Skyler Madison Ph.D.,937,1303,"Los Angeles, CA",688,None,None,How Climate Change Fueled Hurricane Harvey https://t.co/3JK6GOtx2P https://t.co/8hsVxhFTuF
20105978,2017-11-15 04:09:12,[],0,2,Shah Selbe,1991,5672,"Los Angeles, CA",23489,None,None,Great use case for @gotenna mesh networks in helping to connect Puerto Ricans post-hurricane  https://t.co/4AVbLEXTRn
4786292665,2017-11-15 04:06:25,[],0,0,Gasper,895,635,"Los Angeles, CA",1938,None,None,Sorry I cleared your smokescreen of trivial innuendo meant to cover the true issues with my hurricane force winds c‚Ä¶ https://t.co/qMc6bBZz5C
726948957419499524,2017-11-15 03:56:01,[u'SSCI301'],0,0,Meera Gorjala,184,54,"Los Angeles, CA",29,None,None,"Cool Article about ESRI and students mapping Hurricane Maria! https://t.co/9HaavbGwS4
#SSCI301 @loyolabusmonkey"
22545453,2017-11-15 03:56:01,[u'resilience'],2,2,RAND Corporation,1206,144589,"Santa Monica, California",35247,None,None,".@MelissaFinucane: For communities affected by hurricanes this year, investing in #resilience will be key. https://t.co/yFlk1sYRrj"
71393968,2017-11-15 03:31:06,[],0,0,The Rescue Train,414,1731,Toluca Lake,3319,None,None,Hurricane Harvey survivor Adriana: https://t.co/dbCmcuJTab via @YouTube
71393968,2017-11-15 03:30:54,[],0,0,The Rescue Train,414,1731,Toluca Lake,3319,None,None,Hurricane Harvey survivor Ollie: https://t.co/ns1KHo88pt via @YouTube
71393968,2017-11-15 03:29:02,[],0,0,The Rescue Train,414,1731,Toluca Lake,3319,None,None,Hurricane Harvey survivor Eleanor: https://t.co/EOdSQhZtEq via @YouTube
71393968,2017-11-15 03:28:13,[],0,1,The Rescue Train,414,1731,Toluca Lake,3319,None,None,Hurricane Harvey survivor Patch: https://t.co/iYmbHapr32 via @YouTube
15960033,2017-11-15 03:23:26,[],0,0,clover & sealife,670,3008,"Los Angeles, CA",139264,None,None,@animemoms Blaze is the biggest mystery to me on earth. Frost is literally just repackaged Blue Hurricane and no on‚Ä¶ https://t.co/RAU7E9JiiU
71393968,2017-11-15 03:22:11,[],0,0,The Rescue Train,414,1731,Toluca Lake,3319,None,None,Hurricane Harvey survivor Lolly - Female: https://t.co/ul3HeNhh4T via @YouTube
4482244704,2017-11-15 03:22:09,[],1,1,trendpay,17,37,"Los Angeles, CA",259,None,None,DONATING ONE ITEM OF APPAREL FOR EVERY ITEM PURCHASED. DONATIONS WILL BE MADE TO SUPPORT EFFORTS TO PUERTO RICO REC‚Ä¶ https://t.co/uXPnws4b9M
71393968,2017-11-15 03:20:57,[],0,0,The Rescue Train,414,1731,Toluca Lake,3319,None,None,Hurricane Harvey survivor Piglet - Female: https://t.co/aJzQ4esbDm via @YouTube
71393968,2017-11-15 03:18:48,[],0,0,The Rescue Train,414,1731,Toluca Lake,3319,None,None,Hurricane Harvey survivor Bonita - male: https://t.co/f3xvVEuKlm via @YouTube
2832613770,2017-11-15 03:18:17,[u'Repost'],0,0,Know Your Jungle,1294,1433,"Hollywood, CA",3791,None,None,"#Repost @plazadeaubrey (@get_repost)
„Éª„Éª„Éª
link in bio to support PR and the victims of hurricane maria ‚ù§Ô∏èüáµüá∑‚ù§Ô∏è‚Ä¶ https://t.co/aYSkYIgBmN"
3076111561,2017-11-15 03:18:14,[],0,1,Librarian Bex Gerber of Unseen University,157,998,"Los Angeles, CA",20465,None,None,@ireneista Starting to think the general theme is ‚Äúeye of the hurricane.‚Äù
2832613770,2017-11-15 03:18:10,[u'Repost'],0,0,Know Your Jungle,1294,1433,"Hollywood, CA",3791,None,None,"#Repost plazadeaubrey (get_repost)
„Éª„Éª„Éª
link in bio to support PR and the victims of hurricane‚Ä¶ https://t.co/x8evAG7PuC"
300646874,2017-11-15 03:10:16,[u'GoogleAlerts'],0,0,baxter,1756,791,Los Angeles,9300,None,None,Close to Home Service Dog Is So Happy His Dad's Home After Helping Hurricane Victims This - https://t.co/426zoBGPEn #GoogleAlerts
71393968,2017-11-15 03:08:34,[],0,1,The Rescue Train,414,1731,Toluca Lake,3319,None,None,Hurricane Harvey survivor Maggie: https://t.co/USBjOJ1ueT via @YouTube
71393968,2017-11-15 03:07:26,[],0,0,The Rescue Train,414,1731,Toluca Lake,3319,None,None,Hurricane Harvey dog Sally: https://t.co/755xjKJKlY via @YouTube
71393968,2017-11-15 03:05:20,[],1,2,The Rescue Train,414,1731,Toluca Lake,3319,None,None,Hurricane Harvey survivor King: https://t.co/mKA6mabCaB via @YouTube
71393968,2017-11-15 03:03:33,[],0,1,The Rescue Train,414,1731,Toluca Lake,3319,None,None,Hurricane Harvey survivor Lawson: https://t.co/tBkuTz6jnO via @YouTube
888844257779302400,2017-11-15 02:58:49,[],0,2,f(el)iz navidad,191,204,"Los Angeles, CA",313,None,None,hurricane Katrina?? more like hurricane tortiLLAH
19135516,2017-11-15 02:56:10,[],5,29,Quinn Cummings,2532,21586,Los Angeles,75166,None,None,I CAN do something right now! You denied housing to your brothers and sisters after the hurricane until shamed into‚Ä¶ https://t.co/Qg8QB9rcc8
71393968,2017-11-15 02:56:02,[],0,0,The Rescue Train,414,1731,Toluca Lake,3319,None,None,Hurricane Harvey survivor Nyla: https://t.co/3WuSkC3Gjc via @YouTube
71393968,2017-11-15 02:54:34,[],0,0,The Rescue Train,414,1731,Toluca Lake,3319,None,None,Hurricane Harvey survivor Dolly: https://t.co/nrESbJoQud via @YouTube
19135516,2017-11-15 02:54:34,[],3,38,Quinn Cummings,2532,21586,Los Angeles,75166,None,None,"Here are some words, False Profit; you lied about being able to house hurricane-affected Houstonians until you were‚Ä¶ https://t.co/UORsZuaelM"
71393968,2017-11-15 02:53:36,[],0,0,The Rescue Train,414,1731,Toluca Lake,3319,None,None,Hurricane Harvey survivor Cora: https://t.co/wZchYK5CpH via @YouTube
19135516,2017-11-15 02:53:04,[],9,48,Quinn Cummings,2532,21586,Los Angeles,75166,None,None,What's even better than caring? Not acting as if your megachurch is flooded after a hurricane so you don't have to‚Ä¶ https://t.co/6ZgNXUIXSa
71393968,2017-11-15 02:52:37,[],0,0,The Rescue Train,414,1731,Toluca Lake,3319,None,None,Hurricane Harvey survivor Daisy: https://t.co/enyajemzFm via @YouTube
71393968,2017-11-15 02:51:56,[],0,0,The Rescue Train,414,1731,Toluca Lake,3319,None,None,Hurricane Harvey survivor Martin: https://t.co/CbT3VYy8k1 via @YouTube
71393968,2017-11-15 02:49:13,[],0,0,The Rescue Train,414,1731,Toluca Lake,3319,None,None,Hurricane Harvey Survivor Buddy: https://t.co/YIBDLO5kkF via @YouTube
71393968,2017-11-15 02:45:55,[],0,0,The Rescue Train,414,1731,Toluca Lake,3319,None,None,The Rescue Train in Houston helping Hurricane Harvey Dogs: https://t.co/xEPOvYvhtf via @YouTube
43204555,2017-11-15 02:36:34,[],0,0,Kahil Nettleton,117,52,"Sherman Oaks, CA",6053,None,None,@pitbullracing32 @GQMagazine So...  About that million dollars Trump said he'd personally donate to help hurricane victims....
2235157230,2017-11-15 02:34:43,[],0,0,Cynthia,820,609,"Marina del Rey, CA",36267,None,None,"@AymanM @JackieSpeier I want ALL of us &amp; PR to see bids and have say in companies doing hurricane repairs.
I want a‚Ä¶ https://t.co/AhvdB1curX"
705920146808946688,2017-11-15 02:02:24,[],0,4,Anna Hill,297,207,"Los Angeles, CA",550,"Place(_api=<tweepy.api.API object at 0x10cdbb3d0>, country_code=u'US', url=u'https://api.twitter.com/1.1/geo/id/3b77caf94bfc81fe.json', country=u'United States', place_type=u'city', bounding_box=BoundingBox(_api=<tweepy.api.API object at 0x10cdbb3d0>, type=u'Polygon', coordinates=[[[-118.668404, 33.704538], [-118.155409, 33.704538], [-118.155409, 34.337041], [-118.668404, 34.337041]]]), contained_within=[], full_name=u'Los Angeles, CA', attributes={}, id=u'3b77caf94bfc81fe', name=u'Los Angeles')",None,mary and i did this zine for hurricane relief take a look if you can üê∂üê∂üê∂üê∂ https://t.co/Qjdoh8z3xD
2829461701,2017-11-15 01:58:05,[],0,0,General Physics Lab,74,148,Los Angeles,57224,None,None,"Cellphone data reveals Hurricane Maria's impact on travel in Puerto Rico - +GENERAL PHYSICS ...

Nearl ...

https://t.co/XFTxun8HXw"
24251557,2017-11-15 01:53:09,[],0,1,Bill Funderburk,173,386,"Los Angeles, CA",4553,None,None,"Shameful story of greed over need: The Lineman Got $63 an Hour. The Utility Was Billed $319 an Hour., via @nytimes https://t.co/tAfPvbkL67"
71393968,2017-11-15 01:27:23,[],8,5,The Rescue Train,414,1731,Toluca Lake,3319,None,None,WE NEED YOUR HELP! There are 100s of pets left homeless by Hurricane Harvey living in a grocery store in Houston. W‚Ä¶ https://t.co/zLbahr0Bss
25912403,2017-11-15 01:09:17,[],1,0,Torr Leonard,37,884,"Los Angeles, CA",97161,None,None,"""What was apparent: Many nursing homes did not have enough food to last a week and did not know how long it would t‚Ä¶ https://t.co/U7IpEGJ3Aq"
22179835,2017-11-15 00:59:27,"[u'Clearwater', u'Irma']",2,2,Scientology,73,93906,Los Angeles,118617,None,None,.@ScientologyVM's work alongside local residents to remove collapsed awning at Drew Gas Express. #Clearwater. #Irma‚Ä¶ https://t.co/K3lbtCG2GJ
830140723185872896,2017-11-15 00:47:18,[],0,0,Karina Gharibian,423,229,"Glendale, CA",116,None,None,Unique Charitable Giving Options - Article Highlights: Charitable Deduction AGI Limitations Special Hurricane R... https://t.co/RTsXFvcSvK
326945431,2017-11-15 00:44:06,[],0,0,Chrix Lanier,195,224,Los Angeles,1697,None,None,I liked a @YouTube video https://t.co/Y4Ah6n7eyp The Opposition w/ Jordan¬†Klepper¬†- Puerto Rico's Hurricane Recovery: A 10 out of 10
277170859,2017-11-15 00:34:12,[],0,0,Ernest A. Canning,1213,1039,"Thousand Oaks, CA",68332,None,None,Puerto Rico Seeks $94 Billion from Federal Gov‚Äôt for Hurricane Recovery https://t.co/3Rgxtrt7cy via @democracynow
907036814107705344,2017-11-14 23:23:00,[],0,4,TeamSlothTheBestTeamEver,53,0,"West Hollywood, CA",6,None,None,@Pokediger1 Hey Poke my name is Isaac and I'm a survivor from Hurricane Ophelia I was watching your vids and the Hu‚Ä¶ https://t.co/vjq8siiq3X
2336949294,2017-11-14 23:00:42,[u'LookingForNews'],0,0,JUST PURE INFORMATION,688,8307,"Los Angeles, CA",625456,None,None,@monitor_sur @washingtonpost #LookingForNews.&gt;&gt; WASHINGTON POST Analysis: National Hurricane Center issued its ... https://t.co/WcC3HlvlAn
783696879347310592,2017-11-14 22:54:57,"[u'ClipTrends', u'VideoTrends', u'News_Politi', u'Hurricane_Maria', u'Puerto_Rico']",0,0,ClipTrends,7,5752,"Los Angeles, CA",63687,None,None,"With Most of Puerto Rico Still Dark, Many ... - #ClipTrends #VideoTrends #News_Politi #Hurricane_Maria #Puerto_Rico‚Ä¶ https://t.co/N2jAV56bkc"
22545453,2017-11-14 22:53:01,[],3,4,RAND Corporation,1206,144589,"Santa Monica, California",35247,None,None,What conditions support or hinder resilience investment during disaster recovery efforts? @MelissaFinucane explains: https://t.co/2S9fjKjC2r
325627646,2017-11-14 22:52:12,[],0,0,2LoveNotH8,543,682,"Los Angeles, CA",65451,None,None,"Randy Rainbow Nostalgic for Hurricane Katrina, Kim Davis in New Parody https://t.co/3FcosxkDgg https://t.co/G0nXvMFpiG"
27278064,2017-11-14 22:33:33,[],0,1,Brooklynn Ramos,515,189,United States of America,3964,"Place(_api=<tweepy.api.API object at 0x10cdbb3d0>, country_code=u'US', url=u'https://api.twitter.com/1.1/geo/id/0509a6acb3d27ec4.json', country=u'United States', place_type=u'city', bounding_box=BoundingBox(_api=<tweepy.api.API object at 0x10cdbb3d0>, type=u'Polygon', coordinates=[[[-119.061758, 34.126875], [-118.776015, 34.126875], [-118.776015, 34.2500812], [-119.061758, 34.2500812]]]), contained_within=[], full_name=u'Thousand Oaks, CA', attributes={}, id=u'0509a6acb3d27ec4', name=u'Thousand Oaks')",None,"22C In my own opinion, the US needs to focus on domestic issues before we go into another country guns blazing. It‚Ä¶ https://t.co/QFCWKnwjje"
918761196626382848,2017-11-14 22:29:27,[],1,0,Max Greene,230,39,"Los Angeles, CA",1523,None,None,Special collections librarian at the University of Puerto Rico speaks https://t.co/AJvft414k8
21692297,2017-11-14 22:06:10,[],21,122,The Advocate,945,254327,"Los Angeles, CA",52818,None,None,"Those were the good old days, @RandyRainbow. https://t.co/0GYcqtV8NX"
22179835,2017-11-14 22:03:50,"[u'Clearwater', u'Irma']",1,1,Scientology,73,93906,Los Angeles,118617,None,None,.@ScientologyVM's work w/crane operators to clear a massive tree that collapsed in downtown #Clearwater post #Irma.‚Ä¶ https://t.co/QEFEXnPJyB
2192899248,2017-11-14 22:00:53,[],0,0,EthanAlexanderGroup,1371,217,"Los Angeles, CA",295,None,None,"An Architect Made Floating Homes, And They Are Hurricane-Proof https://t.co/p2TedsJclB via @Futurism"
22179835,2017-11-14 22:00:31,"[u'Clearwater', u'Irma']",0,1,Scientology,73,93906,Los Angeles,118617,None,None,".@ScientologyVM's work to remove a collapsed awning at Drew Gas Express in #Clearwater, after damage from #Irma.‚Ä¶ https://t.co/vX0vPDU2Ta"
2336949294,2017-11-14 21:45:31,"[u'LookingForNews', u'US']",0,0,JUST PURE INFORMATION,688,8307,"Los Angeles, CA",625456,None,None,@monitor_sur @cnn #LookingForNews.&gt;&gt; CNN #US Hurricane-struck Americans spent nearly $300 million at Home Depot... https://t.co/hRuFHA0wsm
3175240248,2017-11-14 21:39:12,[],0,0,Study Abroad,71,60,"Los Angeles, CA",408659,None,None,UD students want to give fresh water to hurricane victims https://t.co/DXFB15s0iF
500585894,2017-11-14 21:05:06,[],0,0,fifisunshine,347,109,Los Angeles,816,None,None,The hurricane of emotions is waiting for you https://t.co/ObFJvTRXcK https://t.co/hv0TFtTzIs
161721745,2017-11-14 21:01:13,[],0,2,Los Angeles District,4437,7262,"Los Angeles, CA",4570,None,None,"Lt. Gen. Jeffrey Buchanan, commander of U.S. Army North, who leads the federal government‚Äôs military response to Hu‚Ä¶ https://t.co/5HuDztW6L5"
1206035390,2017-11-14 20:59:05,[],0,1,Monique Judge,1631,13445,Los Angeles,81881,None,None,"What exactly was Mike Jones asking for on ""Drop &amp; Gimme 50"" ft. Hurricane Chris? Explain it to me like I'm 5."
1609774111,2017-11-14 20:39:01,[],1,8,K.C. Smithwood,4068,1607,"Los Angeles, CA",3484,None,None,Flights booked for the holidays!  ‚úàÔ∏è LA -&gt; FL -&gt; IL -&gt; LA   ‚òÄÔ∏èüå§‚õÑÔ∏è‚õÖÔ∏è Im really digging my parents just bought a hous‚Ä¶ https://t.co/MmZGegwmnX
759449105345220608,2017-11-14 20:38:11,[],0,0,Tammy Estes,172,68,"Los Angeles, CA",21607,None,None,"With hydraulic stilts and solar power, this ‚Äòhurricane-proof‚Äô home defies¬†nature https://t.co/ZkLusGCHXB"
785548730,2017-11-14 20:02:57,[],2,3,Mr. Holland's Opus,639,2340,"Studio City, CA",1275,None,None,"To our Plano TX friends, do not miss D/FW Trombones for Houston, a concert supporting schools affected by Hurricane‚Ä¶ https://t.co/NDkci56N8Q"
12707222,2017-11-14 20:01:24,[],0,0,Annelize Bester,1686,1319,"Los Angeles, CA, U.S.A.",114986,None,None,NPR: Hotel rooms are so scarce that FEMA is offering to fly Puerto Ricans displaced by Hurricane Maria to the main‚Ä¶ https://t.co/d30rNt81wK
26601814,2017-11-14 19:55:35,[],0,0,Actor Jose Acevedo,4472,3943,Los Angeles CA.,6483,None,None,Sailing Baylana   Hurricane Maria Disaster Zone https://t.co/roCHJRYVAh via @YouTube
237540313,2017-11-14 19:55:24,[],0,0,Ryan Chalmers?,568,291,"Los Angeles, CA",10277,None,None,"Not saying JJ's work raising money for hurricane relief isn't amazing and should be recognized, but still"
47509892,2017-11-14 19:47:12,[u'HurricaneHarvey'],0,0,Hector Davis,68835,58056,"New York, Los Angeles",21189,None,None,"""Science confirms #HurricaneHarvey was indeed ""biblical"" https://t.co/ZJ6asovXE5 via @climate"
3295822230,2017-11-14 19:39:17,[],0,4,Nikolas Carrillo,95,48,,931,"Place(_api=<tweepy.api.API object at 0x10cdbb3d0>, country_code=u'US', url=u'https://api.twitter.com/1.1/geo/id/3b77caf94bfc81fe.json', country=u'United States', place_type=u'city', bounding_box=BoundingBox(_api=<tweepy.api.API object at 0x10cdbb3d0>, type=u'Polygon', coordinates=[[[-118.668404, 33.704538], [-118.155409, 33.704538], [-118.155409, 34.337041], [-118.668404, 34.337041]]]), contained_within=[], full_name=u'Los Angeles, CA', attributes={}, id=u'3b77caf94bfc81fe', name=u'Los Angeles')",None,"early 2018 goals:
1) save money
2) work out more
3) fence more
4) try not to fucking kill myself over all this fuck‚Ä¶ https://t.co/8TfkyWREXe"
797001271,2017-11-14 19:38:47,[],0,0,Omar McAllister,510,238,Los Angeles,52495,None,None,"Senate holds hearing on Puerto Rico hurricane relief

cnn://deeplink?section=livetv&amp;subsection=liveevent&amp;stream=CNN3"
42067025,2017-11-14 19:32:56,[u'Fuelcell'],5,15,Keith Malone,347,1061,"Los Angeles, California",15275,"Place(_api=<tweepy.api.API object at 0x10cdbb3d0>, country_code=u'US', url=u'https://api.twitter.com/1.1/geo/id/3b77caf94bfc81fe.json', country=u'United States', place_type=u'city', bounding_box=BoundingBox(_api=<tweepy.api.API object at 0x10cdbb3d0>, type=u'Polygon', coordinates=[[[-118.668404, 33.704538], [-118.155409, 33.704538], [-118.155409, 34.337041], [-118.668404, 34.337041]]]), contained_within=[], full_name=u'Los Angeles, CA', attributes={}, id=u'3b77caf94bfc81fe', name=u'Los Angeles')",None,#Fuelcell technology proves its value in hurricane relief efforts. https://t.co/VRGzU6hmP7 https://t.co/5prrozwIuN
268011006,2017-11-14 19:25:11,[],0,0,Rachel Sisk,449,560,"Los Angeles, CA",4515,None,None,Hurricane and Wildfire relief efforts are still underway in many communities. How are you helping? If you're a‚Ä¶ https://t.co/XTUJqjOEhi
43414431,2017-11-14 19:15:16,[],1,1,#CaliBernication,4611,3754,Los Angeles,48885,None,None,"Exploiting tragedy, heartless Republicans seek to privatize Puerto Rico after Hurricane Maria https://t.co/iWgTpgNqSd"
26601814,2017-11-14 19:13:18,[],0,0,Actor Jose Acevedo,4472,3943,Los Angeles CA.,6483,None,None,Sailing Baylana Hurricane Maria Disaster Zone: https://t.co/D9NQuJanxL via @YouTube
620350058,2017-11-14 19:11:02,[],0,0,Angelus News,427,2273,"Los Angeles, CA",10086,None,None,How Christians are continuing to help hurricane-devastated Puerto Rico: https://t.co/Ww9dwTNM3a https://t.co/HlkfYzUzqb
22179835,2017-11-14 18:59:28,"[u'Clearwater', u'Irma']",1,3,Scientology,73,93906,Los Angeles,118617,None,None,Downtown #Clearwater post #Irma-Plywood boards are removed from storefronts &amp; loaded into trucks by @ScientologyVM'‚Ä¶ https://t.co/mLFuiTdvTI
467674978,2017-11-14 18:44:34,[],0,0,Wade Heath,1781,14466,"Los Angeles, CA",41018,None,None,"Al brought supplies, surprises, and smiles to some deserving families. https://t.co/BAEKabSLm1"
458658066,2017-11-14 18:37:57,[],1,2,"Psych-Appeal, Inc.",481,376,"Los Angeles, CA",559,None,None,When children aren't talking and rain creates panic. Puerto Rico struggles under the immense psychological weight c‚Ä¶ https://t.co/BoDM2sAqg3
2612942360,2017-11-14 18:35:39,[],0,0,"Uni MEDIA, LLC",336,448,"Studio City, CA",65749,None,None,Hurricane-struck Americans spent nearly $300 million at Home Depot https://t.co/ZVkKtiKOme
576558485,2017-11-14 18:33:05,[],0,0,Martin Lind,300,1291,Los Angeles,19757,None,None,"Microsoft_Gov: .HoustonTX taps Microsoft Services Disaster Recovery team, opens 14 missions during Hurricane Harvey to keep city connected.‚Ä¶"
31978055,2017-11-14 18:31:53,[],0,0,Julian Garcia,205,181,"Los Angeles, CA",3611,None,None,@PanoiuS @Johannsalc @ACLU @Kaepernick7 @BarackObama OK. This guy has only been a cry baby. Disrespectful to USA. D‚Ä¶ https://t.co/eVImmWAicL
576558485,2017-11-14 18:29:34,[u'localgov'],0,0,Martin Lind,300,1291,Los Angeles,19757,None,None,routefifty: Puerto Rico had an expensive energy problem before Hurricane Maria. https://t.co/Ha3wTq2sOv #localgov
734055578662621184,2017-11-14 18:13:15,[],1,1,Henry Wade,121,178,"Los Angeles, CA",6010,None,None,"Texas doesn't need another ""Wild Hurricane"". Enter the matinee idol Zurdo Ramirez. He will expel this hurricane. Th‚Ä¶ https://t.co/BNc4ETukhX"
48191052,2017-11-14 18:00:00,[],0,0,Pepperdine Graphic,541,2400,"Malibu, CA",6972,None,None,Continuing to Step Forward: Learn how to give back to the community by helping recent Las Vegas and hurricane victi‚Ä¶ https://t.co/rbrNp9pyPM
21620021,2017-11-14 17:51:21,[u'PuertoRico'],0,0,Malika Moro,605,681,Los Angeles,4023,None,None,"if you can, looking for some financial help for my Abuela after significant damages to her home in #PuertoRico due‚Ä¶ https://t.co/YjIKla1j0U"
2459949091,2017-11-14 17:50:54,[],3,9,Yoobi,2640,13248,Los Angeles,1524,None,None,"With @KidsInNeed, we're donating school supplies for +1,800 kids,  including resettled students from Puerto Rico af‚Ä¶ https://t.co/LFW5hSbfLG"
798478960094916608,2017-11-14 17:50:26,[],0,0,StockWolf,374,1469,"Los Angeles, CA",9182,None,None,"$SWMM CPSM, Inc. Q3 Growth Only Slowed By Hurricane Irma https://t.co/RFddLwgc6U"
215825100,2017-11-14 17:44:29,[],0,0,Jason Hurd,36,22,,211,"Place(_api=<tweepy.api.API object at 0x10cdbb3d0>, country_code=u'US', url=u'https://api.twitter.com/1.1/geo/id/1927193c57f35d51.json', country=u'United States', place_type=u'city', bounding_box=BoundingBox(_api=<tweepy.api.API object at 0x10cdbb3d0>, type=u'Polygon', coordinates=[[[-118.3959042, 34.075963], [-118.3433861, 34.075963], [-118.3433861, 34.098056], [-118.3959042, 34.098056]]]), contained_within=[], full_name=u'West Hollywood, CA', attributes={}, id=u'1927193c57f35d51', name=u'West Hollywood')",None,@GQMagazine JJ Watt raised $37 million for Hurricane Harvey victims. 37 MILLION! But Kaepernick refused to stand fo‚Ä¶ https://t.co/YZlBncp50T
1450874424,2017-11-14 17:25:50,[],0,0,bernard elias,96,27,Redondo Beach California!,9544,None,None,"Republican overseeing Puerto Rico hopes island won't resist austerity because it's now like an ""alcoholic who hits‚Ä¶ https://t.co/ksKoTVzYHo"
1450874424,2017-11-14 17:24:15,[],0,0,bernard elias,96,27,Redondo Beach California!,9544,None,None,"Republican overseeing Puerto Rico hopes island won't resist austerity because it's now like an ""alcoholic who hits‚Ä¶ https://t.co/tHT03jZv9p"
22179835,2017-11-14 17:23:21,[u'Irma'],0,0,Scientology,73,93906,Los Angeles,118617,None,None,"@shelbelstinton @ScientologyVM Shelly, you might be interested in the #Irma disaster coverage of this independent n‚Ä¶ https://t.co/vsrRkN0K33"
22179835,2017-11-14 17:01:11,[],5,6,Scientology,73,93906,Los Angeles,118617,None,None,Hurricane Season Over: Scientology Community Help Carries On - Friendships and partnerships forged during Hurricane‚Ä¶ https://t.co/Hf2fvWjHYu
22545453,2017-11-14 16:56:01,[u'resilience'],3,2,RAND Corporation,1206,144589,"Santa Monica, California",35247,None,None,".@MelissaFinucane: For communities affected by hurricanes this year, investing in #resilience will be key. https://t.co/AIC5CCVgZF"
219716968,2017-11-14 16:45:03,[],1,0,Patio Heaven,736,246,"Gardena, CA",578,None,None,"TJX' 3Q sales disappoint, cites hurricane disruption https://t.co/PI0N8ieH66"
21370988,2017-11-14 16:00:11,[],0,0,Dorothy Li Calzi,2262,1489,Santa Monica. Ca.,109928,None,None,But you may get seasick https://t.co/xgQfKOaGmw
12707222,2017-11-14 15:56:09,[],0,0,Annelize Bester,1686,1319,"Los Angeles, CA, U.S.A.",114986,None,None,"NPR: RT MorningEdition: Slow and upbeat EPA response to Hurricane Harvey pollution angers residents, rhersher repo‚Ä¶ https://t.co/nVbKvzp4nf"
39592023,2017-11-14 15:54:47,[],0,0,Mike Bjork,104,195,"Redondo Beach, CA",9680,None,None,"The MBA's Builder Application Survey soars 23% in October, reversing the 20% plunge in September due in part to hur‚Ä¶ https://t.co/eFO6GWOK3x"
759622142656847872,2017-11-14 15:45:48,[],0,0,Drisa A. Carrizo,42,25,"El Segundo, CA",74,None,None,Unique Charitable Giving Options - Article Highlights: Charitable Deduction AGI Limitations Special Hurricane R... https://t.co/L1qJnBEXh3
15142081,2017-11-14 14:40:09,[],0,0,EurWeb,6423,9734,"Los Angeles, CA",101052,None,None,Beyonce and Jay-Z to Headline Benefit Concert for Hurricane Relief - https://t.co/U6Tn5SClBR https://t.co/wevEAsJOdQ
22179835,2017-11-14 14:37:15,"[u'Clearwater', u'Irma']",0,0,Scientology,73,93906,Los Angeles,118617,None,None,Plywood board is carried by the @ScientologyVM's after being removed from #Clearwater storefront windows post #Irma‚Ä¶ https://t.co/mlew5Wn27k
3314504658,2017-11-14 14:01:42,"[u'faith', u'love', u'hope']",0,0,Derek Fujinaga,42,14274,"Los Angeles, CA",7047,None,None,"Reporter Draws Comparisons Between Hurricane Harvey and Buela (1967)
https://t.co/WegQA4mF3k
#faith #love #hope‚Ä¶ https://t.co/BP5U8yfrrj"
858407531722547201,2017-11-14 13:53:46,[],4,6,Breaking News,6175,53143,"Los Angeles, CA",50856,"Place(_api=<tweepy.api.API object at 0x10cdbb3d0>, country_code=u'US', url=u'https://api.twitter.com/1.1/geo/id/3b77caf94bfc81fe.json', country=u'United States', place_type=u'city', bounding_box=BoundingBox(_api=<tweepy.api.API object at 0x10cdbb3d0>, type=u'Polygon', coordinates=[[[-118.668404, 33.704538], [-118.155409, 33.704538], [-118.155409, 34.337041], [-118.668404, 34.337041]]]), contained_within=[], full_name=u'Los Angeles, CA', attributes={}, id=u'3b77caf94bfc81fe', name=u'Los Angeles')",None,Two strangers who met on social media join forces to send thousands of packages of much-needed supplies to hurrican‚Ä¶ https://t.co/ZPdkORkI8H
4759847826,2017-11-14 13:13:32,[u'PuertoRico'],0,0,"Fr. Paul Keller, CMF",811,294,"Los Angeles, CA",5339,None,None,"Retweeted Catholic News Agency (@cnalive):

How Christians are continuing to help hurricane-devastated #PuertoRico.‚Ä¶ https://t.co/AJDYmaGl2I"
858407531722547201,2017-11-14 12:44:17,[u'CoastGuard'],4,5,Breaking News,6175,53143,"Los Angeles, CA",50856,"Place(_api=<tweepy.api.API object at 0x10cdbb3d0>, country_code=u'US', url=u'https://api.twitter.com/1.1/geo/id/3b77caf94bfc81fe.json', country=u'United States', place_type=u'city', bounding_box=BoundingBox(_api=<tweepy.api.API object at 0x10cdbb3d0>, type=u'Polygon', coordinates=[[[-118.668404, 33.704538], [-118.155409, 33.704538], [-118.155409, 34.337041], [-118.668404, 34.337041]]]), contained_within=[], full_name=u'Los Angeles, CA', attributes={}, id=u'3b77caf94bfc81fe', name=u'Los Angeles')",None,"A crew member aboard the #CoastGuard Cutter Venturous, is welcomed home by his children, family and friends after a‚Ä¶ https://t.co/fHMtWYcepM"
32802659,2017-11-14 12:24:09,[],0,0,Wyntertainment,116,115,"Studio City, CA",121,"Place(_api=<tweepy.api.API object at 0x10cdbb3d0>, country_code=u'US', url=u'https://api.twitter.com/1.1/geo/id/3b77caf94bfc81fe.json', country=u'United States', place_type=u'city', bounding_box=BoundingBox(_api=<tweepy.api.API object at 0x10cdbb3d0>, type=u'Polygon', coordinates=[[[-118.668404, 33.704538], [-118.155409, 33.704538], [-118.155409, 34.337041], [-118.668404, 34.337041]]]), contained_within=[], full_name=u'Los Angeles, CA', attributes={}, id=u'3b77caf94bfc81fe', name=u'Los Angeles')","{u'type': u'Point', u'coordinates': [34.1792651, -118.40473]}",Getting solar indoor lights  for two families in Hurricane Irma ravaged US Virgin Islands! @‚Ä¶ https://t.co/AUTiVYyVtj
2478605490,2017-11-14 11:42:34,[],0,0,Anne Sotelo,389,239,"Los Angeles, CA",22631,None,None,The Lineman Got $63 an Hour. The Utility Was Billed $319 an Hour and another $400 for hotel and food/day. üôè  https://t.co/sGONAGYlrv
2478605490,2017-11-14 11:39:26,[],0,0,Anne Sotelo,389,239,"Los Angeles, CA",22631,None,None,The Lineman Got $63 an Hour. The Utility Was Billed $319 an Hour. https://t.co/sGONAGYlrv
22179835,2017-11-14 11:14:37,"[u'Clearwater', u'Irma']",3,2,Scientology,73,93906,Los Angeles,118617,None,None,Hundreds of @ScientologyVM's took to the streets of downtown #Clearwater to clean up the city after Hurricane #Irma‚Ä¶ https://t.co/bdGPfTuW1a
333708211,2017-11-14 10:04:38,[],0,0,FunGuyInspection,360,101,"Los Angeles, CA",705,None,None,Ohio National Guard continues hurricane relief efforts https://t.co/XGhQNrvJko
17920055,2017-11-14 09:20:15,[],0,0,HWDRepublican,5478,6222,"Hollywood, CA USA",595402,None,None,THR: Puerto Rico asks for $94 billion in hurricane aftermath https://t.co/32x1OFjqYP (NYP)
22179835,2017-11-14 09:04:18,"[u'LosTopos', u'Clearwater']",1,1,Scientology,73,93906,Los Angeles,118617,None,None,".@ScientologyVM's and the #LosTopos crew assist in the cleanup efforts in #Clearwater, clearing away trees that Hur‚Ä¶ https://t.co/7D2rkPVSC6"
22545453,2017-11-14 08:14:01,[u'resilience'],4,6,RAND Corporation,1206,144589,"Santa Monica, California",35247,None,None,Here's how Gulf Coast communities affected by hurricanes this year can rebuild ‚Äî with #resilience in mind: https://t.co/gN1fVhpwfC
22179835,2017-11-14 08:09:19,"[u'Clearwater', u'Irma']",0,1,Scientology,73,93906,Los Angeles,118617,None,None,.@ScientologyVM's remove and clear away plywood boards used to secure downtown #Clearwater storefronts from #Irma.‚Ä¶ https://t.co/PtTH1hCrhu
15752951,2017-11-14 07:16:03,[],1,4,Craig Sherwood,77,74,Burbank,59,None,None,So one player ( JJ Watt) raises over $30 million for hurricane relief and one player takes a knee during the Nation‚Ä¶ https://t.co/KgGiPnQcCw
66458366,2017-11-14 06:25:53,[],0,0,Gabriela Francesca,984,1255,"Los Angeles, CA",15824,None,None,I liked a @YouTube video https://t.co/HspqQ9IaGf Hurricane Vlog | MegaDongs Production
22179835,2017-11-14 06:04:24,"[u'Clearwater', u'Irma']",1,0,Scientology,73,93906,Los Angeles,118617,None,None,Fallen tree branches and debris are carried away in the @ScientologyVM's cleanup of downtown #Clearwater post #Irma‚Ä¶ https://t.co/R93svN0s8e
824719934953443328,2017-11-14 05:34:11,[],0,0,OffGridSystems,147,26,"Los Angeles, CA",89,None,None,"Future Society
An Architect Made Floating Homes, And They Are Hurricane-Proof https://t.co/EST6MeGb1r"
1337631072,2017-11-14 05:30:19,[],41,103,Bangerz,455,889,"Malibu, CA",16017,None,None,"Miley? Third? On charity?Not when she supports over 31 causes, created her OWN foundation to help the LGBTQ homeles‚Ä¶ https://t.co/hEMR1RSISK"
47420847,2017-11-14 05:20:03,[],0,0,Rosalie The Realtor,487,1268,"Los Angeles, California 90048",5644,None,None,https://t.co/16X0MuUcXH
22179835,2017-11-14 05:01:39,"[u'Irma', u'Clearwater']",1,1,Scientology,73,93906,Los Angeles,118617,None,None,".@ScientologyVM's clean up after #Irma, removing plywood from windows &amp; repairing damaged awnings in #Clearwater, F‚Ä¶ https://t.co/8HekgtV1cl"
780870522699526144,2017-11-14 04:43:52,"[u'np', u'SoundCloud', u'KONCEPT']",0,0,Breezy Breeze,360,162,"Los Angeles, CA",1332,None,None,"Listen to Hurricane feat Mike Two, Leen by @koncept  #np on #SoundCloud
https://t.co/dP8aUtPH9e üî•üî•üî•üî•üî•üî•üî•üî•üî•üî•üî•üî•üî•üî•üî•üî•üî•üî• #KONCEPT"
365758818,2017-11-14 04:24:30,[],1,10,Fasika Addis,747,916,"Los Angeles, CA",25189,None,None,"@t_dunn22 A celebrity got tons of people to give $ to help hurricane victims, and that's awesome. But it's much mor‚Ä¶ https://t.co/nkfRyqevQ4"
34315741,2017-11-14 04:23:15,[],0,2,Twist Kirk,1099,735,Hollywood C.A,2700,None,None,@WalshFreedom What did you do for the Hurricane Harvey victims ? I‚Äôll wait
112841419,2017-11-14 04:14:20,[],0,0,Gillian Silva,71,45,"Burbank, CA, USA",1144,"Place(_api=<tweepy.api.API object at 0x10cdbb3d0>, country_code=u'US', url=u'https://api.twitter.com/1.1/geo/id/1927193c57f35d51.json', country=u'United States', place_type=u'city', bounding_box=BoundingBox(_api=<tweepy.api.API object at 0x10cdbb3d0>, type=u'Polygon', coordinates=[[[-118.3959042, 34.075963], [-118.3433861, 34.075963], [-118.3433861, 34.098056], [-118.3959042, 34.098056]]]), contained_within=[], full_name=u'West Hollywood, CA', attributes={}, id=u'1927193c57f35d51', name=u'West Hollywood')","{u'type': u'Point', u'coordinates': [34.09089, -118.38569]}",Happy Sunday! I will be performing next Sunday November 19th at Whiskey a Go Go for Hurricane‚Ä¶ https://t.co/4eDr10V5mH
22179835,2017-11-14 04:02:27,"[u'Clearwater', u'Irma']",1,3,Scientology,73,93906,Los Angeles,118617,None,None,The streets of downtown #Clearwater are cleared of debris by the @ScientologyVM's after Hurricane #Irma.‚Ä¶ https://t.co/5XzSlUBvkg
277613022,2017-11-14 03:51:18,[],0,5,PMIC,2,3,"Los Angeles, CA",22,None,None,@GQMagazine What a joke. One football player raises $30+ million for hurricane victims. Self centered Kaepernick ru‚Ä¶ https://t.co/Pm9NLyuhzS
27082289,2017-11-14 03:40:47,[],0,0,Kristin TowersRowles,2210,1309,"Los Angeles, CA",4637,"Place(_api=<tweepy.api.API object at 0x10cdbb3d0>, country_code=u'US', url=u'https://api.twitter.com/1.1/geo/id/3b77caf94bfc81fe.json', country=u'United States', place_type=u'city', bounding_box=BoundingBox(_api=<tweepy.api.API object at 0x10cdbb3d0>, type=u'Polygon', coordinates=[[[-118.668404, 33.704538], [-118.155409, 33.704538], [-118.155409, 34.337041], [-118.668404, 34.337041]]]), contained_within=[], full_name=u'Los Angeles, CA', attributes={}, id=u'3b77caf94bfc81fe', name=u'Los Angeles')",None,Singing classics and new works to Benefit Hurricane Maria Relief for Puerto Rico. Dec 15 @8pm at @ColonyTheatre‚Ä¶ https://t.co/TfHUVCr91m
465982720,2017-11-14 03:36:20,"[u'weather', u'GlobalWarming']",0,0,David Hamuel,485,206,Los Angeles,1399,None,None,‚ÄúThe dice are increasingly likely to roll some very unpleasant #weather indeed.‚Äù #GlobalWarming  https://t.co/wyXrKppy7D
65109514,2017-11-14 03:35:05,[],0,0,Global Issues Web,2420,141973,"Los Angeles, California, USA",446971,None,None,"In Texas, odds of Hurricane Harvey rainfall could rise to nearly 1 in 5 per year by 2100 https://t.co/cjNMcNgXwq https://t.co/365aQ7MIx7"
87067280,2017-11-14 03:25:11,[],1,7,Pete Zias,664,722,Los Angeles,2145,None,None,The Grove needs to stop making it snow and make it HURRICANE! I want to see American Girl Place destroyed!
4725456236,2017-11-14 03:19:04,[],0,1,2stephenvincent,2690,975,"Los Angeles, CA",12353,None,None,How taking a trip to Belize can help fund Caribbean hurricane relief https://t.co/97ITuEnIU8 via @lptravelnews
165410135,2017-11-14 03:18:11,[],0,0,Alex S. Childs,335,93,"Santa Monica, CA",1294,None,None,@GQMagazine @Kaepernick7 @StephenAtHome @GalGadot @KDTrey5 Durant had a fake Twitter handle he used to give himself‚Ä¶ https://t.co/CTCjS1di0e
22179835,2017-11-14 03:12:51,[],1,2,Scientology,73,93906,Los Angeles,118617,None,None,"@calienteyfria @ScientologyVM Not unless those ""information booklets"" are cleverly disguised as chainsaw's and plyw‚Ä¶ https://t.co/oA7I9ACMtl"
309418082,2017-11-14 02:56:04,[],0,0,Natasha,111,133,"Los Angeles, CA",14167,None,None,How is @JJWatt who raised 37 million for hurricane victims not citizen of the year?
189286498,2017-11-14 02:51:21,[],0,0,Inside Sports TV,422,261,"Los Angeles, CA",5220,None,None,@DevinGordonGQ @GQMagazine All JJ Watt did was raise $37 mil for hurricane relief . . . I guess that wasn't quite e‚Ä¶ https://t.co/13PmUcwgVl
25389149,2017-11-14 02:46:58,[],0,0,2tackey,157,84,los angeles,9092,None,None,@jemelehill @nischelleturner Should have  been j.j. Watts. For all his fund raising for texas hurricane....
22545453,2017-11-14 02:39:02,[],4,6,RAND Corporation,1206,144589,"Santa Monica, California",35247,None,None,Here's how communities affected by recent hurricanes can invest in resilience as they rebuild: https://t.co/bY4PWPTnvo via @MelissaFinucane
2355808260,2017-11-14 02:33:41,[u'realheroes'],9,37,41 Strange,7224,56769,"Hollywood, CA",17341,None,None,‚ÄòPuerto Rico Needs Us:‚Äô Nurses Volunteer To Help With Hurricane Relief  #realheroes https://t.co/bnY1FGZ1Cz
619107295,2017-11-14 02:26:15,[],0,0,#flyeaglesfly,519,105,"Los Angeles, CA",6654,None,None,"@apbtgod Lol, yeah doing the easy work (helping hurricane victims) compared to starting a national conversation abo‚Ä¶ https://t.co/VeladeuvZ7"
2726518856,2017-11-14 02:14:15,[],0,0,Mari Mendez,509,267,Los Angeles,14948,None,None,What‚Äôs more upsetting is that those big hurricane hits went to that Gu‚Äôs destination so I‚Äôm like should I be thankf‚Ä¶ https://t.co/S37TemB68I
162811832,2017-11-14 02:13:23,[],0,1,Alex Tanielian,285,354,"Los Angeles, CA",6256,None,None,Hurricane Irma on my neck
14731039,2017-11-14 02:04:33,[],1,0,America MUST Unite +++,477,2535,"Canoga Park, CA",20397,None,None,"One of these men raised 37 million for Hurricane Relief. The other is an ‚ÄúAmerican Hero‚Äù, according to @GQMagazine‚Ä¶ https://t.co/73bwnbEIdG"
2726518856,2017-11-14 01:57:58,[],0,0,Mari Mendez,509,267,Los Angeles,14948,None,None,That hurricane should‚Äôve ate him alive it should‚Äôve dragged him back to the ocean lol
181182954,2017-11-14 01:50:05,[],0,0,Roxanne Reyes,637,1145,"Los Angeles, CA",29656,None,None,"An Architect Made Floating Homes, And They Are Hurricane-Proof https://t.co/oTUn1JoZwT via @Futurism"
546277891,2017-11-14 01:29:28,[],0,0,Karla Silva,3377,494,"Santa Monica, CA",62572,None,None,"After Hurricane, Signs of a Mental Health Crisis Haunt Puerto Rico https://t.co/ZZb8Pyeqit"
3221699157,2017-11-14 01:26:13,[],0,0,Susan Johnson,2521,7014,"Los Angeles, CA",51949,None,None,"Lady Antebellum, Dierks Bentley, &amp; Bobby Bones Share Personal Connections to Vegas and Hurricane Tragedies at Country Rising ‚Ä¶"
3180853153,2017-11-14 01:26:11,[],0,0,Monique Hill,2978,7855,"Los Angeles, CA",39425,None,None,"Lady Antebellum, Dierks Bentley, &amp; Bobby Bones Share Personal Connections to Vegas and Hurricane Tragedies at Country Rising ‚Ä¶"
3320901195,2017-11-14 01:23:13,[],0,0,Music Fangirl,412,2461,"Los Angeles, CA",27232,None,None,"Lady Antebellum, Dierks Bentley, &amp; Bobby Bones Share Personal Connections to Vegas and Hurricane Tragedies at Country Rising ‚Ä¶"
512436606,2017-11-14 01:20:20,[],0,0,Linda Denning,96,74,"Oak Park, CA",1528,None,None,"Wow let‚Äôs not go w 1 of the many ppl who helped raise millions for hurricane relief efforts, say @JJWatt 4 instanceüôÑ https://t.co/1YMdxkcxvy"
14371242,2017-11-14 01:17:51,[],0,0,Justin Rosenberg,1327,957,Los Angeles,7544,None,None,"""I've got a hurricane inside my veins 
And I want to stay forever...""
- Spiritualized
Human: @softer.still
.
.
.
.‚Ä¶‚Ä¶ https://t.co/eSbzhCwc4L"
22179835,2017-11-14 01:17:24,"[u'Clearwater', u'Irma']",1,5,Scientology,73,93906,Los Angeles,118617,None,None,The @ScientologyVM's are working tirelessly throughout beautiful #Clearwater to assist in the #Irma cleanup efforts‚Ä¶ https://t.co/60Pcfzqgpd
12340562,2017-11-14 01:12:36,[],3,12,Marc Ambinder,6447,40372,Los Angeles,24095,None,None,"There are true heroines on the front lines of the opioid addiction hurricane.  Chief Jan Rader (l), Judge Patricia‚Ä¶ https://t.co/QAX8VuD0Bg"
16664681,2017-11-14 01:10:10,[],14,17,Los Angeles Times,10665,3107969,"Los Angeles, CA",183452,None,None,"In Texas, odds of Hurricane Harvey rainfall could rise to nearly 1 in 5 per year by 2100 https://t.co/F2dxWySnDw https://t.co/I1eWWghzO3"
1449654128,2017-11-14 01:00:47,[],0,0,Carlyle Avenue,340,246,"Los Angeles, CA",5982,None,None,Check it out! We just got in the Stepped Base Hurr...! https://t.co/QK3RAArXyV
3295822230,2017-11-14 00:57:50,[],0,1,Nikolas Carrillo,95,48,,931,"Place(_api=<tweepy.api.API object at 0x10cdbb3d0>, country_code=u'US', url=u'https://api.twitter.com/1.1/geo/id/3b77caf94bfc81fe.json', country=u'United States', place_type=u'city', bounding_box=BoundingBox(_api=<tweepy.api.API object at 0x10cdbb3d0>, type=u'Polygon', coordinates=[[[-118.668404, 33.704538], [-118.155409, 33.704538], [-118.155409, 34.337041], [-118.668404, 34.337041]]]), contained_within=[], full_name=u'Los Angeles, CA', attributes={}, id=u'3b77caf94bfc81fe', name=u'Los Angeles')",None,why am i getting notifications of who ppl are following? if it's not memes i don't care
10008932,2017-11-14 00:42:03,[],0,1,Gabriel Gastelum,790,3837,Los Angeles ,22579,None,None,What is this hurricane Seattle?
17668483,2017-11-14 00:41:19,[],0,0,Jeff Wilson,753,1360,"Los Angeles, CA",11124,None,None,@SwiftOnSecurity I forward my requests to hurricane electric as it tested out as a fastest resolver using @SGgrc DN‚Ä¶ https://t.co/J1E5HWQJeT
426002529,2017-11-14 00:37:05,"[u'Catholicschools', u'PrayforPuertoRico']",1,1,CEF,350,590,"Los Angeles, CA",1328,None,None,"These #Catholicschools are reopening, with or without electricity. #PrayforPuertoRico https://t.co/POO9thukCu"
1449654128,2017-11-14 00:30:45,[],0,0,Carlyle Avenue,340,246,"Los Angeles, CA",5982,None,None,Good News! We now carry the Hour Glass Hurric.... You can check it out here: https://t.co/Nu9DisvWgH
113135715,2017-11-14 00:28:57,[],1,0,KristinavonHoffmann,177,236,"Venice, CA",621,None,None,"Incredible personal reporting here. This is the life of a journalist, now, in PR: https://t.co/ZiQPwEQfN1"
1733245196,2017-11-14 00:27:18,[],0,1,William Mungall,198,390,"Los Angeles, CA",207586,None,None,"In Texas, odds of Hurricane Harvey rainfall could rise to nearly 1 in 5 per year by 2100 https://t.co/a7oG7tiNhI"
1681246782,2017-11-14 00:26:08,[],0,0,jorge,522,251,los angeles,10629,"Place(_api=<tweepy.api.API object at 0x10cdbb3d0>, country_code=u'US', url=u'https://api.twitter.com/1.1/geo/id/c1e1a49e92ce1ba0.json', country=u'United States', place_type=u'city', bounding_box=BoundingBox(_api=<tweepy.api.API object at 0x10cdbb3d0>, type=u'Polygon', coordinates=[[[-118.3940862, 33.7804411], [-118.308349, 33.7804411], [-118.308349, 33.886988], [-118.3940862, 33.886988]]]), contained_within=[], full_name=u'Torrance, CA', attributes={}, id=u'c1e1a49e92ce1ba0', name=u'Torrance')",None,How did JJ watt not win citizen of the year from that stupid magazine? He raised THIRTY-FIVE MILLION DOLLARS for hu‚Ä¶ https://t.co/u7CqOrVnS8
24051617,2017-11-14 00:22:36,[],0,1,Asian Girl W.T,1740,1703,"Los Angeles, CA",35005,None,None,"In Texas, odds of Hurricane Harvey rainfall could rise to nearly 1 in 5 per year by 2100 https://t.co/OrEEp73O9f https://t.co/ozF6Qdk9Ve"
17919245,2017-11-14 00:22:08,[],0,0,L.A. Times News 24/7,72,4124,"Los Angeles, CA",239329,None,None,"In Texas, odds of Hurricane Harvey rainfall could rise to nearly 1 in 5 per year by 2100 https://t.co/IcX91O18qX"
17918545,2017-11-14 00:20:05,[],2,0,L.A. Times Science,427,68633,"Los Angeles, CA",10687,None,None,"In Texas, odds of Hurricane Harvey rainfall could rise to nearly 1 in 5 per year by 2100 https://t.co/lJkuJQO0Mi"
164530084,2017-11-13 23:53:17,[],10,9,Glitter Magazine,21730,131127,"Los Angeles, CA",25644,None,None,.@CatfishMTV Stars Want to Talk to You About Hurricane Maria + Puerto Rico https://t.co/kOGlD34bDx https://t.co/lRDseHNZ4x
804132407355899904,2017-11-13 23:48:05,[],3,1,Vet Action Network,1015,3005,"Santa Monica, CA",6011,None,None,Slow And Confusing EPA Response To Hurricane Harvey Pollution Angers Residents https://t.co/QQIMUP62jl
559398691,2017-11-13 23:47:07,[],0,0,Emma Colven,305,212,"Los Angeles, CA",200,None,None,"The emotional trauma of disaster and climate change || After Hurricane, Signs of a Mental Health Crisis Haunt Puert‚Ä¶ https://t.co/tThpG7g7Kg"
12707222,2017-11-13 23:41:03,[],0,0,Annelize Bester,1686,1319,"Los Angeles, CA, U.S.A.",114986,None,None,NPR: Hurricane Harvey caused industrial facilities in Texas to release an extra 5.98 million pounds of pollution i‚Ä¶ https://t.co/bETavVhepf
21642560,2017-11-13 23:16:00,[],0,0,Regina Banali,3101,12941,"Los Angeles, CA",8138,None,None,Hurricane Harvey animals https://t.co/gAAH8wrDsZ
1907058972,2017-11-13 22:52:54,[],1,0,Leon,730,1246,LA,40922,None,None,Immigrant day laborers confront a perfect storm of exploitation in Hurricane Harvey cleanup https://t.co/nm9YnGNpCc by @reneefeltz
730539867562639361,2017-11-13 22:47:09,[],0,0,[insert],464,556,"Culver City, CA",3633,None,None,"Disappointed, but um, this isn‚Äôt all they‚Äôre sending. Snack packs are literally part of the disaster relief package‚Ä¶ https://t.co/r7AXBxEsou"
4625057053,2017-11-13 22:32:42,"[u'JasonAldean', u'mybeat']",1,1,mybeat,1713,1049,"Los Angeles, CA",47464,None,None,#JasonAldean Addresses Route 91 Shooting at Country Rising: 'I'll Be Damned If Anyb‚Ä¶ https://t.co/OhQdQyJ5Nd #mybeat https://t.co/zaKJcS1rTu
1015767240,2017-11-13 22:30:22,[],0,0,Major Music,5315,44475,"Los Angeles, CA",76205,None,None,"Lady Antebellum, Dierks Bentley, &amp; Bobby Bones Share Personal Connections to Vegas and Hurricane Trage...‚Ä¶ https://t.co/KprsDNCTJi"
1015767240,2017-11-13 22:29:23,[],0,0,Major Music,5315,44475,"Los Angeles, CA",76205,None,None,Jason Aldean Addresses Route 91 Shooting at Country Rising: 'I'll Be Damned If Anybody's Ever Going to...‚Ä¶ https://t.co/S2rGVdo1ou
2214995064,2017-11-13 22:28:12,[],0,0,Beverly Hills,641,1671,"Beverly Hills, CA 90210",291986,None,None,"Lady Antebellum, Dierks Bentley, &amp; Bobby Bones Share Personal Connections to Vegas and Hurricane Tragedies at Country Rising ‚Ä¶"
50159269,2017-11-13 22:24:28,[],0,0,Travis Sentell,268,6098,"Los Angeles, CA",7221,None,None,https://t.co/2sfgS0WiUg
2336949294,2017-11-13 22:11:19,[],0,0,JUST PURE INFORMATION,688,8307,"Los Angeles, CA",625456,None,None,"New story on NPR: In Puerto Rico, The Crisis After Hurricane Maria Is Taxing Residents' Mental Health https://t.co/BHg53rmy0u"
2967808004,2017-11-13 22:04:55,[],0,0,Brody,35,46,los angeles,39990,None,None,"New story on NPR: In Puerto Rico, The Crisis After Hurricane Maria Is Taxing Residents' Mental Health https://t.co/VFmn7iqcvJ"
55657293,2017-11-13 21:53:20,[],0,0,CSG,57,143,"Los Angeles, CA",2396,None,None,IT Disaster Recovery Planning: What Hurricane Season Can Teach LA Companies https://t.co/aRHv7A0dLt
17505136,2017-11-13 21:53:20,[],0,0,Scott Spiro,266,587,"Los Angeles, CA",2122,None,None,IT Disaster Recovery Planning: What Hurricane Season Can Teach LA Companies https://t.co/Hd85Pqeww3
73171384,2017-11-13 21:52:15,[],0,0,IfThisWasTheFuture,216,538,"Los Angeles, CA",364539,None,None,"An Architect Made Floating Homes, And They Are Hurricane-Proof https://t.co/46TovgsRiQ"
80045381,2017-11-13 21:46:16,[],0,0,Erik Daniel Cruz,80,78,"Los Angeles, CA",502,None,None,Save kids in need around the world https://t.co/rMezTymYtP
31476442,2017-11-13 21:29:31,[],1,6,Dana Ward,492,41498,"Los Angeles, CA",20501,None,None,Watch this beautiful and powerful short film by @wesrodphoto... inspired by when Hurricane Irma hit his hometown. T‚Ä¶ https://t.co/VHEdrZfKlx
59281238,2017-11-13 21:05:27,[],0,0,Carl Spitale,409,898,Los Angeles ,2125,None,None,@Michael_Maietta @brianh557 Watt ‚Äúraised‚Äù $30M+...Kap DONATED over $1M OF HIS OWN MONEY and wasn‚Äôt for a Hurricane.‚Ä¶ https://t.co/EeyQp9XHLv
2967808004,2017-11-13 20:44:09,[],0,0,Brody,35,46,los angeles,39990,None,None,New story on NPR: Slow And Upbeat EPA Response To Hurricane Harvey Pollution Angers Residents  https://t.co/lqhXad1xZa
22179835,2017-11-13 20:39:05,[],0,0,Scientology,73,93906,Los Angeles,118617,None,None,"@rlightfoot1973 Roger, the Church is extensively involved in helping communities, here's 3rd party coverage of our‚Ä¶ https://t.co/kEspinU8OJ"
920715634199052289,2017-11-13 20:35:05,[u'HurricaneNate'],0,0,"Eusoh, Inc.",42,16,"Los Angeles, CA",72,None,None,Discover 12 Ways to Support the #HurricaneNate Relief Efforts. Help Louisiana and Mississippi‚Ä¶ https://t.co/0WZm3H7sZD
499605929,2017-11-13 20:28:28,[],0,0,Villa Azarmehr,4854,4281,"Los Angeles, CA",33568,None,None,How President Trump turned hurricane relief into product placement for campaign swag - The - https://t.co/9CH1kpMq0D https://t.co/IvyWUGMtzR
757362370406592512,2017-11-13 20:28:07,[],0,1,The Sara Nicole,347,1015,"Hollywood, Los Angeles",3771,None,None,The US Virgin Islands Still Recovering From Hurricane Irma And Maria https://t.co/4Odo5pWY7z
60815392,2017-11-13 19:58:16,[],0,0,Buddahfan,319,656,Los Angeles,146265,None,None,"Senior power linemen from Lakeland are earning $63 an hour working in Puerto Rico, https://t.co/ertAHG1BGe"
307255809,2017-11-13 19:48:21,[],0,0,Joe Steals,56,89,Los Angeles,29842,None,None,Geoengineering 11-12-2017; Tail of Developing Hurricane Flowing DIRECTLY Into Central &amp; So. CA Yet Zero Rain... https://t.co/SXseOVdxn2
389153189,2017-11-13 19:48:16,[],9,19,Josh Pacheco,447,4828,"Los Angeles, California",21998,None,None,"How the hell is @Kaepernick7 named @GQMagazine‚Äôs citizen of the year?! 

My boy @JJWatt should have easily won this‚Ä¶ https://t.co/EIK09wc5BF"
22870112,2017-11-13 19:44:28,[],16,43,Terez Owens,1282,45796,Los Angeles ,124121,"Place(_api=<tweepy.api.API object at 0x10cdbb3d0>, country_code=u'US', url=u'https://api.twitter.com/1.1/geo/id/3b77caf94bfc81fe.json', country=u'United States', place_type=u'city', bounding_box=BoundingBox(_api=<tweepy.api.API object at 0x10cdbb3d0>, type=u'Polygon', coordinates=[[[-118.668404, 33.704538], [-118.155409, 33.704538], [-118.155409, 34.337041], [-118.668404, 34.337041]]]), contained_within=[], full_name=u'Los Angeles, CA', attributes={}, id=u'3b77caf94bfc81fe', name=u'Los Angeles')",None,Congrats @Kaepernick7 on being named @GQMagazine‚Äôs citizen of the year ‚úäüèæ Also just saying @JJWatt could have easil‚Ä¶ https://t.co/gMSvNEc5PQ
877637778602721280,2017-11-13 19:27:23,[],0,1,TV Time Support,28,447,"Los Angeles, CA",1042,None,None,"@jensensass_ @tvshowtime Hi, yes this is accurate but the season was delayed due to hurricane conditions. :)"
906199698305933312,2017-11-13 19:23:46,[],0,1,Andrea E T.,90,30,"Los Angeles,CA",2133,None,None,@VeniceMase @Kaepernick7 @KDTrey5 He got it for doing nothing. Why didn't they pick rescue teams from Hurricane Har‚Ä¶ https://t.co/77YK0XovTC
152497441,2017-11-13 19:11:25,[],0,2,Rogue Rogue,441,276,"Los Angeles, CA",2798,None,None,@LucidsThoughts @Kaepernick7 @GQMagazine The Ayatollah was also TIME man of the year... for pretty much the same re‚Ä¶ https://t.co/qpqqRfwqti
1354846746,2017-11-13 19:06:06,[u'PolachecksJewelers'],0,0,Polacheck's Jewelers,88,258,"Calabasas, CA",207,"Place(_api=<tweepy.api.API object at 0x10cdbb3d0>, country_code=u'US', url=u'https://api.twitter.com/1.1/geo/id/575c6d4e1b73546d.json', country=u'United States', place_type=u'city', bounding_box=BoundingBox(_api=<tweepy.api.API object at 0x10cdbb3d0>, type=u'Polygon', coordinates=[[[-118.719985, 34.105958], [-118.605227, 34.105958], [-118.605227, 34.168562], [-118.719985, 34.168562]]]), contained_within=[], full_name=u'Calabasas, CA', attributes={}, id=u'575c6d4e1b73546d', name=u'Calabasas')",None,"New Monday, new week, new goals. Check out this 50mm @Breitling Avenger Hurricane Military! #PolachecksJewelers‚Ä¶ https://t.co/d3XrOzyvct"
3197771592,2017-11-13 18:56:16,[],74,159,MADAME,116,41511,"Los Angeles, CA",23895,None,None,JJ Watt raised $37 million for Hurricane Harvey victims. 37 MILLION! But Kaepernick refused to stand for our nation‚Ä¶ https://t.co/i0OUEALEzA
22179835,2017-11-13 18:54:11,[],0,0,Scientology,73,93906,Los Angeles,118617,None,None,"@tttlfan @ScientologyVM Yes, we did:  https://t.co/Dj31ulzW0z You might also find this relevant: https://t.co/BOFEtlxPgg"
64853417,2017-11-13 18:54:02,[],0,0,JZ,139,63,Los Angeles US,1856,None,None,The Lineman Got $63 an Hour. The Utility Was Billed $319 an Hour. https://t.co/6Cs5hvS06n @usa
720342978535890944,2017-11-13 18:53:24,[],0,0,best visionboard,89,36,"Los Angeles, CA",3432,None,None,Smith College offers free semester to students affected by Hurricane Maria via /r/UpliftingNews‚Ä¶ https://t.co/NJD7MNDM9F
22179835,2017-11-13 18:52:28,[],0,0,Scientology,73,93906,Los Angeles,118617,None,None,"@REVMusicNY @ScientologyVM You can't judge properly from a distance, RV, why don't you call the @ScientologyVM's @‚Ä¶ https://t.co/Dagwy6Az4G"
23220068,2017-11-13 18:49:24,[],0,0,Tom Bunzel,2169,1903,Los Angeles,9902,None,None,"....and Omarosa had her bridal event at the WH (on whose dime?)

https://t.co/DPp4FnCu0C https://t.co/YKJB3sKdeq"
22545453,2017-11-13 18:10:02,[],4,3,RAND Corporation,1206,144589,"Santa Monica, California",35247,None,None,What conditions support or hinder resilience investment during disaster recovery efforts? @MelissaFinucane explains: https://t.co/9ACesoeXAo
17917983,2017-11-13 18:01:25,[],0,0,themeem,797,165,"Laurel Canyon, Los Angeles, CA",858,None,None,I'm not great at math but...this. https://t.co/ZvY8ZD4IqN
104086983,2017-11-13 17:56:49,[],259,3855,julien solomita,2359,277292,LA,13328,None,None,"the oj pulp pins raised a total of $5800 to go towards hurricane maria relief efforts. well done, dink fam üçäüôè https://t.co/s4qp1EY4Ax"
602151382,2017-11-13 17:54:54,[],0,0,Jizzle,245,54,"Inglewood, California",3690,None,None,@BrittMcHenry bitch shut up sounding like a 5 year old. it didn‚Äôt take a Hurricane for Kap to do what he did. and h‚Ä¶ https://t.co/Q6iY13xo1k
831561353147977728,2017-11-13 17:48:47,[],0,1,Jose Alvarez,755,74,"Los Angeles, CA",837,None,None,@hadassah1024 I miss talking to you now that the hurricane season is winding down! LOL!
299819811,2017-11-13 17:41:55,[],0,0,Sidney Iwanter,542,76,Los Angeles,12946,None,None,It's capitalism the way we love it. https://t.co/P2E9vx9d4C
17105374,2017-11-13 17:37:30,[],0,0,earl halfshirt.,2226,1795,Los Angeles,199909,None,None,The Lineman Got $63 an Hour. The Utility Was Billed $319 an Hour. https://t.co/59nBfUDWic
340464771,2017-11-13 17:35:12,[],2,0,Lolis,1023,2054,Los Angeles,6926,None,None,"After Hurricane, Signs of a Mental Health Crisis Haunt Puerto Rico https://t.co/0KJcwR8lqM"
23666890,2017-11-13 17:32:09,[],0,1,Michael Carney,1606,10100,"Los Angeles, CA",16999,None,None,On the current state of Washington amid Mueller vs Trump (w/ cowed Congress): ‚ÄúIt‚Äôs like being on a roller coaster‚Ä¶ https://t.co/6WGC6hhvCS
488998711,2017-11-13 17:30:41,[],336,808,Joey Salads,741,77870,NY/LA,15104,None,None,".@JJWatt should have been ‚ÄúCitizen of the Year‚Äù over @Kaepernick7 

JJ Raised $35 millions+ for Hurricane Relief.‚Ä¶ https://t.co/aKiM42UuK6"
576558485,2017-11-13 17:18:34,"[u'localgovwire', u'localgovernment']",0,0,Martin Lind,300,1291,Los Angeles,19757,None,None,Hurricane Maria Has Made Puerto Rico the Land of Opportunity for Solar Power https://t.co/nDYenlKgfX #localgovwire #localgovernment
86215934,2017-11-13 17:07:53,[],0,1,Alexander,1129,283,"Los Angeles, California",21336,None,None,@GQMagazine slow day at the office ? There‚Äôs this dude named JJ Watt who raised $37 Million for Houston‚Äôs hurricane‚Ä¶ https://t.co/2zinuSoUkJ
851467828683091968,2017-11-13 17:06:53,[],0,0,CA Process Service,4995,675,"Los Angeles, CA",65918,None,None,"Rescue me: A coffee loving cat, a Chihuahua duo, and a hurricane-rescue Bulldog mix are‚Ä¶ https://t.co/XKvrDDTjMx https://t.co/LpE0oq0Mse"
